/*
 Navicat Premium Data Transfer

 Source Server         : local_db
 Source Server Type    : MySQL
 Source Server Version : 80017
 Source Host           : localhost:3306
 Source Schema         : skincare

 Target Server Type    : MySQL
 Target Server Version : 80017
 File Encoding         : 65001

 Date: 29/06/2021 10:06:11
*/

SET NAMES utf8mb4;
SET FOREIGN_KEY_CHECKS = 0;

-- ----------------------------
-- Table structure for banners
-- ----------------------------
DROP TABLE IF EXISTS `banners`;
CREATE TABLE `banners`  (
  `id` int(11) NOT NULL AUTO_INCREMENT,
  `title` varchar(191) CHARACTER SET utf8mb4 COLLATE utf8mb4_general_ci NULL DEFAULT NULL,
  `subtitle` varchar(191) CHARACTER SET utf8mb4 COLLATE utf8mb4_general_ci NULL DEFAULT NULL,
  `picture_name` varchar(191) CHARACTER SET utf8mb4 COLLATE utf8mb4_general_ci NULL DEFAULT NULL,
  `button_text` varchar(50) CHARACTER SET utf8mb4 COLLATE utf8mb4_general_ci NULL DEFAULT NULL,
  `is_active` tinyint(4) NULL DEFAULT NULL,
  PRIMARY KEY (`id`) USING BTREE
) ENGINE = InnoDB AUTO_INCREMENT = 6 CHARACTER SET = utf8mb4 COLLATE = utf8mb4_general_ci ROW_FORMAT = Dynamic;

-- ----------------------------
-- Records of banners
-- ----------------------------
INSERT INTO `banners` VALUES (3, 'Banner 3', 'Ini adalah banner ketiga', 'category-4.jpg', 'cek guys', 1);
INSERT INTO `banners` VALUES (4, 'Banner 4', 'Ini adalah banner keempat', 'category-2.jpg', 'order yuk', 1);
INSERT INTO `banners` VALUES (5, 'Banner 5', 'Ini adalah banner kelima', 'category-3.jpg', 'cobalah', 1);

-- ----------------------------
-- Table structure for brands
-- ----------------------------
DROP TABLE IF EXISTS `brands`;
CREATE TABLE `brands`  (
  `id` int(11) NOT NULL AUTO_INCREMENT,
  `picture_name` varchar(191) CHARACTER SET utf8mb4 COLLATE utf8mb4_general_ci NULL DEFAULT NULL,
  PRIMARY KEY (`id`) USING BTREE
) ENGINE = InnoDB AUTO_INCREMENT = 19 CHARACTER SET = utf8mb4 COLLATE = utf8mb4_general_ci ROW_FORMAT = Dynamic;

-- ----------------------------
-- Records of brands
-- ----------------------------
INSERT INTO `brands` VALUES (10, 'brand31.jpg');
INSERT INTO `brands` VALUES (11, 'brand12.jpg');
INSERT INTO `brands` VALUES (12, 'brand21.jpg');
INSERT INTO `brands` VALUES (13, 'brand41.jpg');
INSERT INTO `brands` VALUES (15, 'brand5.png');
INSERT INTO `brands` VALUES (16, 'brand61.jpg');
INSERT INTO `brands` VALUES (17, 'brand71.jpg');
INSERT INTO `brands` VALUES (18, 'brand81.jpg');

-- ----------------------------
-- Table structure for chat_user
-- ----------------------------
DROP TABLE IF EXISTS `chat_user`;
CREATE TABLE `chat_user`  (
  `user_id` int(11) NOT NULL AUTO_INCREMENT,
  `login_oauth_uid` varchar(100) CHARACTER SET utf8mb4 COLLATE utf8mb4_general_ci NULL DEFAULT NULL,
  `first_name` varchar(100) CHARACTER SET utf8mb4 COLLATE utf8mb4_general_ci NULL DEFAULT NULL,
  `last_name` varchar(100) CHARACTER SET utf8mb4 COLLATE utf8mb4_general_ci NULL DEFAULT NULL,
  `email_address` varchar(100) CHARACTER SET utf8mb4 COLLATE utf8mb4_general_ci NULL DEFAULT NULL,
  `profile_picture` varchar(100) CHARACTER SET utf8mb4 COLLATE utf8mb4_general_ci NULL DEFAULT NULL,
  `created_at` datetime(0) NULL DEFAULT NULL,
  `updated_at` datetime(0) NULL DEFAULT NULL,
  PRIMARY KEY (`user_id`) USING BTREE
) ENGINE = InnoDB CHARACTER SET = utf8mb4 COLLATE = utf8mb4_general_ci ROW_FORMAT = Dynamic;

-- ----------------------------
-- Table structure for ci_sessions
-- ----------------------------
DROP TABLE IF EXISTS `ci_sessions`;
CREATE TABLE `ci_sessions`  (
  `id` varchar(128) CHARACTER SET utf8mb4 COLLATE utf8mb4_general_ci NOT NULL,
  `ip_address` varchar(45) CHARACTER SET utf8mb4 COLLATE utf8mb4_general_ci NOT NULL,
  `timestamp` int(10) UNSIGNED NOT NULL DEFAULT 0,
  `data` blob NOT NULL,
  INDEX `ci_sessions_timestamp`(`timestamp`) USING BTREE
) ENGINE = InnoDB CHARACTER SET = utf8mb4 COLLATE = utf8mb4_general_ci ROW_FORMAT = Dynamic;

-- ----------------------------
-- Records of ci_sessions
-- ----------------------------
INSERT INTO `ci_sessions` VALUES ('c262tuoi7snit1u5mk0k3kom9plfeqss', '::1', 1624366479, 0x5F5F63695F6C6173745F726567656E65726174657C693A313632343336363437393B7265646972656374696F6E7C733A35363A226148523063484D364C79397362324E68624768766333517663477030626D5A68636D3076633268766343396A6147566A6132393164413D3D223B636172745F636F6E74656E74737C613A333A7B733A31303A22636172745F746F74616C223B643A33363030303B733A31313A22746F74616C5F6974656D73223B643A333B733A33323A226433643934343638303261343432353937353564333865366431363365383230223B613A363A7B733A323A226964223B733A323A223130223B733A333A22717479223B643A333B733A353A227072696365223B643A31323030303B733A343A226E616D65223B733A31323A2253656E676B656C2053617069223B733A353A22726F776964223B733A33323A226433643934343638303261343432353937353564333865366431363365383230223B733A383A22737562746F74616C223B643A33363030303B7D7D5F74656D705F636F75706F6E7C733A303A22223B5F74656D705F7175616E746974797C613A313A7B733A33323A226433643934343638303261343432353937353564333865366431363365383230223B733A313A2232223B7D);
INSERT INTO `ci_sessions` VALUES ('rmusjva9cgcci4ge54qdar0fqs50tq0j', '::1', 1624366826, 0x5F5F63695F6C6173745F726567656E65726174657C693A313632343336363832363B636172745F636F6E74656E74737C613A333A7B733A31303A22636172745F746F74616C223B643A37323030303B733A31313A22746F74616C5F6974656D73223B643A363B733A33323A226433643934343638303261343432353937353564333865366431363365383230223B613A363A7B733A323A226964223B733A323A223130223B733A333A22717479223B643A363B733A353A227072696365223B643A31323030303B733A343A226E616D65223B733A31323A2253656E676B656C2053617069223B733A353A22726F776964223B733A33323A226433643934343638303261343432353937353564333865366431363365383230223B733A383A22737562746F74616C223B643A37323030303B7D7D5F5F4143544956455F53455353494F4E5F444154417C733A3235363A22643738363536653939383532653337653261636561646534353235623136343736366231303063633263363362333961303936326233353938656335376534663339343636623162373737616230353436326630346337666234633663353862373136643464383464323764366437383066306133393731663231656632393553663742306C483332706D674B494F63447A42576B726465504C3570396D4D4E7335783968617452794D6C61394643723739312F6C7373774A3641644A355874416D39445557656550716B717435314539484B78645A464558755631594E2B5A6775486A35426161457655727175755744446E77645A2F4F6148573739573253223B6F726465725F7175616E746974797C613A313A7B693A31303B613A323A7B733A333A22717479223B643A363B733A353A227072696365223B643A31323030303B7D7D746F74616C5F70726963657C643A37323030303B);
INSERT INTO `ci_sessions` VALUES ('htkk7ithc2h3fv2ol9khiv4scrlai3vo', '::1', 1624367356, 0x5F5F63695F6C6173745F726567656E65726174657C693A313632343336373335363B636172745F636F6E74656E74737C613A333A7B733A31303A22636172745F746F74616C223B643A32343030303B733A31313A22746F74616C5F6974656D73223B643A323B733A33323A226433643934343638303261343432353937353564333865366431363365383230223B613A363A7B733A323A226964223B733A323A223130223B733A333A22717479223B643A323B733A353A227072696365223B643A31323030303B733A343A226E616D65223B733A31323A2253656E676B656C2053617069223B733A353A22726F776964223B733A33323A226433643934343638303261343432353937353564333865366431363365383230223B733A383A22737562746F74616C223B643A32343030303B7D7D5F5F4143544956455F53455353494F4E5F444154417C733A3235363A22643738363536653939383532653337653261636561646534353235623136343736366231303063633263363362333961303936326233353938656335376534663339343636623162373737616230353436326630346337666234633663353862373136643464383464323764366437383066306133393731663231656632393553663742306C483332706D674B494F63447A42576B726465504C3570396D4D4E7335783968617452794D6C61394643723739312F6C7373774A3641644A355874416D39445557656550716B717435314539484B78645A464558755631594E2B5A6775486A35426161457655727175755744446E77645A2F4F6148573739573253223B6F726465725F7175616E746974797C613A313A7B693A31303B613A323A7B733A333A22717479223B643A323B733A353A227072696365223B643A31323030303B7D7D746F74616C5F70726963657C643A32343030303B);
INSERT INTO `ci_sessions` VALUES ('1rnqq2ce01tbm1i8t13jdf4hkgmf3t2g', '::1', 1624367370, 0x5F5F63695F6C6173745F726567656E65726174657C693A313632343336373335363B636172745F636F6E74656E74737C613A343A7B733A31303A22636172745F746F74616C223B643A3136343030303B733A31313A22746F74616C5F6974656D73223B643A363B733A33323A226433643934343638303261343432353937353564333865366431363365383230223B613A363A7B733A323A226964223B733A323A223130223B733A333A22717479223B643A323B733A353A227072696365223B643A31323030303B733A343A226E616D65223B733A31323A2253656E676B656C2053617069223B733A353A22726F776964223B733A33323A226433643934343638303261343432353937353564333865366431363365383230223B733A383A22737562746F74616C223B643A32343030303B7D733A33323A223435633438636365326532643766626465613161666335316337633661643236223B613A363A7B733A323A226964223B733A313A2239223B733A333A22717479223B643A343B733A353A227072696365223B643A33353030303B733A343A226E616D65223B733A393A22537573752053617069223B733A353A22726F776964223B733A33323A223435633438636365326532643766626465613161666335316337633661643236223B733A383A22737562746F74616C223B643A3134303030303B7D7D5F5F4143544956455F53455353494F4E5F444154417C733A3235363A22643738363536653939383532653337653261636561646534353235623136343736366231303063633263363362333961303936326233353938656335376534663339343636623162373737616230353436326630346337666234633663353862373136643464383464323764366437383066306133393731663231656632393553663742306C483332706D674B494F63447A42576B726465504C3570396D4D4E7335783968617452794D6C61394643723739312F6C7373774A3641644A355874416D39445557656550716B717435314539484B78645A464558755631594E2B5A6775486A35426161457655727175755744446E77645A2F4F6148573739573253223B6F726465725F7175616E746974797C613A313A7B693A31303B613A323A7B733A333A22717479223B643A323B733A353A227072696365223B643A31323030303B7D7D746F74616C5F70726963657C643A32343030303B);
INSERT INTO `ci_sessions` VALUES ('b29qjkhv7o73scd09uk257q2uuk1rh60', '::1', 1624378991, 0x5F5F63695F6C6173745F726567656E65726174657C693A313632343337383939313B7265646972656374696F6E7C4E3B5F5F4143544956455F53455353494F4E5F444154417C733A3235363A2230363136613135623963383730663263323037633763663564363163326636356439386633363165356537346162366432393731636432333833396231303736656461613532633161633534336163646139303732386330656335656563363162363866613833653564393433613930643637346431383565313337646266657657352B7A614A5958326F734C50334461336839437A3139376E6A68684447335976337436504F6469702B67594A646D795366517A494F506746652F68687A3051373657333649613058647679417149397874586849356342796E374F716E35342F48717939536D3552774E6D6E52687356564241452F4C324E2B4F74794F50223B636172745F636F6E74656E74737C613A333A7B733A31303A22636172745F746F74616C223B643A33303030303B733A31313A22746F74616C5F6974656D73223B643A333B733A33323A226138376666363739613266336537316439313831613637623735343231323263223B613A363A7B733A323A226964223B733A313A2234223B733A333A22717479223B643A333B733A353A227072696365223B643A31303030303B733A343A226E616D65223B733A383A224174692053617069223B733A353A22726F776964223B733A33323A226138376666363739613266336537316439313831613637623735343231323263223B733A383A22737562746F74616C223B643A33303030303B7D7D6F726465725F7175616E746974797C613A313A7B693A343B613A323A7B733A333A22717479223B643A333B733A353A227072696365223B643A31303030303B7D7D746F74616C5F70726963657C643A33303030303B);
INSERT INTO `ci_sessions` VALUES ('ov59in7u1oprpo0rk8dqleg0eld06noo', '::1', 1624379313, 0x5F5F63695F6C6173745F726567656E65726174657C693A313632343337393331333B7265646972656374696F6E7C4E3B5F5F4143544956455F53455353494F4E5F444154417C733A3235363A2230363136613135623963383730663263323037633763663564363163326636356439386633363165356537346162366432393731636432333833396231303736656461613532633161633534336163646139303732386330656335656563363162363866613833653564393433613930643637346431383565313337646266657657352B7A614A5958326F734C50334461336839437A3139376E6A68684447335976337436504F6469702B67594A646D795366517A494F506746652F68687A3051373657333649613058647679417149397874586849356342796E374F716E35342F48717939536D3552774E6D6E52687356564241452F4C324E2B4F74794F50223B636172745F636F6E74656E74737C613A333A7B733A31303A22636172745F746F74616C223B643A33303030303B733A31313A22746F74616C5F6974656D73223B643A333B733A33323A226138376666363739613266336537316439313831613637623735343231323263223B613A363A7B733A323A226964223B733A313A2234223B733A333A22717479223B643A333B733A353A227072696365223B643A31303030303B733A343A226E616D65223B733A383A224174692053617069223B733A353A22726F776964223B733A33323A226138376666363739613266336537316439313831613637623735343231323263223B733A383A22737562746F74616C223B643A33303030303B7D7D6F726465725F7175616E746974797C613A313A7B693A343B613A323A7B733A333A22717479223B643A333B733A353A227072696365223B643A31303030303B7D7D746F74616C5F70726963657C643A33303030303B);
INSERT INTO `ci_sessions` VALUES ('g8is8s18no5aptbbb2uo7lroapslsccq', '::1', 1624379677, 0x5F5F63695F6C6173745F726567656E65726174657C693A313632343337393637373B7265646972656374696F6E7C4E3B5F5F4143544956455F53455353494F4E5F444154417C733A3235363A2230363136613135623963383730663263323037633763663564363163326636356439386633363165356537346162366432393731636432333833396231303736656461613532633161633534336163646139303732386330656335656563363162363866613833653564393433613930643637346431383565313337646266657657352B7A614A5958326F734C50334461336839437A3139376E6A68684447335976337436504F6469702B67594A646D795366517A494F506746652F68687A3051373657333649613058647679417149397874586849356342796E374F716E35342F48717939536D3552774E6D6E52687356564241452F4C324E2B4F74794F50223B636172745F636F6E74656E74737C613A333A7B733A31303A22636172745F746F74616C223B643A34303030303B733A31313A22746F74616C5F6974656D73223B643A343B733A33323A226138376666363739613266336537316439313831613637623735343231323263223B613A363A7B733A323A226964223B733A313A2234223B733A333A22717479223B643A343B733A353A227072696365223B643A31303030303B733A343A226E616D65223B733A383A224174692053617069223B733A353A22726F776964223B733A33323A226138376666363739613266336537316439313831613637623735343231323263223B733A383A22737562746F74616C223B643A34303030303B7D7D6F726465725F7175616E746974797C613A313A7B693A343B613A323A7B733A333A22717479223B643A343B733A353A227072696365223B643A31303030303B7D7D746F74616C5F70726963657C643A34303030303B);
INSERT INTO `ci_sessions` VALUES ('9n2ugi2elmfgq2perrfe2kv238k91rgv', '::1', 1624379994, 0x5F5F63695F6C6173745F726567656E65726174657C693A313632343337393939343B7265646972656374696F6E7C4E3B5F5F4143544956455F53455353494F4E5F444154417C733A3235363A2230363136613135623963383730663263323037633763663564363163326636356439386633363165356537346162366432393731636432333833396231303736656461613532633161633534336163646139303732386330656335656563363162363866613833653564393433613930643637346431383565313337646266657657352B7A614A5958326F734C50334461336839437A3139376E6A68684447335976337436504F6469702B67594A646D795366517A494F506746652F68687A3051373657333649613058647679417149397874586849356342796E374F716E35342F48717939536D3552774E6D6E52687356564241452F4C324E2B4F74794F50223B636172745F636F6E74656E74737C613A333A7B733A31303A22636172745F746F74616C223B643A34303030303B733A31313A22746F74616C5F6974656D73223B643A343B733A33323A226138376666363739613266336537316439313831613637623735343231323263223B613A363A7B733A323A226964223B733A313A2234223B733A333A22717479223B643A343B733A353A227072696365223B643A31303030303B733A343A226E616D65223B733A383A224174692053617069223B733A353A22726F776964223B733A33323A226138376666363739613266336537316439313831613637623735343231323263223B733A383A22737562746F74616C223B643A34303030303B7D7D6F726465725F7175616E746974797C613A313A7B693A343B613A323A7B733A333A22717479223B643A343B733A353A227072696365223B643A31303030303B7D7D746F74616C5F70726963657C643A34303030303B);
INSERT INTO `ci_sessions` VALUES ('lh0998a088rcico9jdbihjajcgqocst4', '::1', 1624380570, 0x5F5F63695F6C6173745F726567656E65726174657C693A313632343338303537303B7265646972656374696F6E7C4E3B5F5F4143544956455F53455353494F4E5F444154417C733A3235363A2230363136613135623963383730663263323037633763663564363163326636356439386633363165356537346162366432393731636432333833396231303736656461613532633161633534336163646139303732386330656335656563363162363866613833653564393433613930643637346431383565313337646266657657352B7A614A5958326F734C50334461336839437A3139376E6A68684447335976337436504F6469702B67594A646D795366517A494F506746652F68687A3051373657333649613058647679417149397874586849356342796E374F716E35342F48717939536D3552774E6D6E52687356564241452F4C324E2B4F74794F50223B636172745F636F6E74656E74737C613A333A7B733A31303A22636172745F746F74616C223B643A34303030303B733A31313A22746F74616C5F6974656D73223B643A343B733A33323A226138376666363739613266336537316439313831613637623735343231323263223B613A363A7B733A323A226964223B733A313A2234223B733A333A22717479223B643A343B733A353A227072696365223B643A31303030303B733A343A226E616D65223B733A383A224174692053617069223B733A353A22726F776964223B733A33323A226138376666363739613266336537316439313831613637623735343231323263223B733A383A22737562746F74616C223B643A34303030303B7D7D6F726465725F7175616E746974797C613A313A7B693A343B613A323A7B733A333A22717479223B643A343B733A353A227072696365223B643A31303030303B7D7D746F74616C5F70726963657C643A34303030303B);
INSERT INTO `ci_sessions` VALUES ('c3482mhb64fgj3f2livurbbuib87qres', '::1', 1624380957, 0x5F5F63695F6C6173745F726567656E65726174657C693A313632343338303935373B7265646972656374696F6E7C4E3B5F5F4143544956455F53455353494F4E5F444154417C733A3235363A2230363136613135623963383730663263323037633763663564363163326636356439386633363165356537346162366432393731636432333833396231303736656461613532633161633534336163646139303732386330656335656563363162363866613833653564393433613930643637346431383565313337646266657657352B7A614A5958326F734C50334461336839437A3139376E6A68684447335976337436504F6469702B67594A646D795366517A494F506746652F68687A3051373657333649613058647679417149397874586849356342796E374F716E35342F48717939536D3552774E6D6E52687356564241452F4C324E2B4F74794F50223B6F726465725F7175616E746974797C613A313A7B693A343B613A323A7B733A333A22717479223B643A343B733A353A227072696365223B643A31303030303B7D7D746F74616C5F70726963657C643A34303030303B636172745F636F6E74656E74737C613A333A7B733A31303A22636172745F746F74616C223B643A3133303030303B733A31313A22746F74616C5F6974656D73223B643A323B733A33323A226334636134323338613062393233383230646363353039613666373538343962223B613A363A7B733A323A226964223B733A313A2231223B733A333A22717479223B643A323B733A353A227072696365223B643A36353030303B733A343A226E616D65223B733A31303A22446167696E6720496761223B733A353A22726F776964223B733A33323A226334636134323338613062393233383230646363353039613666373538343962223B733A383A22737562746F74616C223B643A3133303030303B7D7D);
INSERT INTO `ci_sessions` VALUES ('ib7v55v9jk5bm8ae66gls66b1lmeisg7', '::1', 1624381473, 0x5F5F63695F6C6173745F726567656E65726174657C693A313632343338313437333B7265646972656374696F6E7C4E3B5F5F4143544956455F53455353494F4E5F444154417C733A3235363A2230363136613135623963383730663263323037633763663564363163326636356439386633363165356537346162366432393731636432333833396231303736656461613532633161633534336163646139303732386330656335656563363162363866613833653564393433613930643637346431383565313337646266657657352B7A614A5958326F734C50334461336839437A3139376E6A68684447335976337436504F6469702B67594A646D795366517A494F506746652F68687A3051373657333649613058647679417149397874586849356342796E374F716E35342F48717939536D3552774E6D6E52687356564241452F4C324E2B4F74794F50223B6F726465725F7175616E746974797C613A313A7B693A343B613A323A7B733A333A22717479223B643A343B733A353A227072696365223B643A31303030303B7D7D746F74616C5F70726963657C643A34303030303B636172745F636F6E74656E74737C613A333A7B733A31303A22636172745F746F74616C223B643A3133303030303B733A31313A22746F74616C5F6974656D73223B643A323B733A33323A226334636134323338613062393233383230646363353039613666373538343962223B613A363A7B733A323A226964223B733A313A2231223B733A333A22717479223B643A323B733A353A227072696365223B643A36353030303B733A343A226E616D65223B733A31303A22446167696E6720496761223B733A353A22726F776964223B733A33323A226334636134323338613062393233383230646363353039613666373538343962223B733A383A22737562746F74616C223B643A3133303030303B7D7D);
INSERT INTO `ci_sessions` VALUES ('ou28ocb9irmcr9inhnl6bcureu2i9bh0', '::1', 1624381606, 0x5F5F63695F6C6173745F726567656E65726174657C693A313632343338313437333B7265646972656374696F6E7C4E3B5F5F4143544956455F53455353494F4E5F444154417C733A3235363A2230363136613135623963383730663263323037633763663564363163326636356439386633363165356537346162366432393731636432333833396231303736656461613532633161633534336163646139303732386330656335656563363162363866613833653564393433613930643637346431383565313337646266657657352B7A614A5958326F734C50334461336839437A3139376E6A68684447335976337436504F6469702B67594A646D795366517A494F506746652F68687A3051373657333649613058647679417149397874586849356342796E374F716E35342F48717939536D3552774E6D6E52687356564241452F4C324E2B4F74794F50223B6F726465725F7175616E746974797C613A313A7B693A343B613A323A7B733A333A22717479223B643A343B733A353A227072696365223B643A31303030303B7D7D746F74616C5F70726963657C643A34303030303B636172745F636F6E74656E74737C613A333A7B733A31303A22636172745F746F74616C223B643A3133303030303B733A31313A22746F74616C5F6974656D73223B643A323B733A33323A226334636134323338613062393233383230646363353039613666373538343962223B613A363A7B733A323A226964223B733A313A2231223B733A333A22717479223B643A323B733A353A227072696365223B643A36353030303B733A343A226E616D65223B733A31303A22446167696E6720496761223B733A353A22726F776964223B733A33323A226334636134323338613062393233383230646363353039613666373538343962223B733A383A22737562746F74616C223B643A3133303030303B7D7D);
INSERT INTO `ci_sessions` VALUES ('cq7q8jmvbga1jm80h5o843d44qf467bm', '::1', 1624391543, 0x5F5F63695F6C6173745F726567656E65726174657C693A313632343339313534333B7265646972656374696F6E7C4E3B5F5F4143544956455F53455353494F4E5F444154417C733A3235363A2264333438313265333266356661343739306333653762653736616439623438643332313031343165623634633332396638653031336361376662623761663430636335613062316632306665353530633036353231363533363338666265316464303630366566633064333863616535633934363038323263363639633737355953654849314D2B684350776565734D4D47654A61536957796B66684D2F6C704968416C4557525231674A79736A5A6445424C6941385959384A6A6F34322F4C42484F4858515346686E2F4D414A46675A68686C54332F312F535879423257673376476A7A736D73663339597A747A4B64704636662F6B72644C764163686F67223B636172745F636F6E74656E74737C613A343A7B733A31303A22636172745F746F74616C223B643A39373030303B733A31313A22746F74616C5F6974656D73223B643A333B733A33323A226338316537323864396434633266363336663036376638396363313438363263223B613A363A7B733A323A226964223B733A313A2232223B733A333A22717479223B643A323B733A353A227072696365223B643A33313030303B733A343A226E616D65223B733A31303A224C696461682053617069223B733A353A22726F776964223B733A33323A226338316537323864396434633266363336663036376638396363313438363263223B733A383A22737562746F74616C223B643A36323030303B7D733A33323A223435633438636365326532643766626465613161666335316337633661643236223B613A363A7B733A323A226964223B733A313A2239223B733A333A22717479223B643A313B733A353A227072696365223B643A33353030303B733A343A226E616D65223B733A393A22537573752053617069223B733A353A22726F776964223B733A33323A223435633438636365326532643766626465613161666335316337633661643236223B733A383A22737562746F74616C223B643A33353030303B7D7D);
INSERT INTO `ci_sessions` VALUES ('sllhtptc7u7f0ia1q5crq15iu5r4hcf7', '::1', 1624392508, 0x5F5F63695F6C6173745F726567656E65726174657C693A313632343339323530383B7265646972656374696F6E7C4E3B5F5F4143544956455F53455353494F4E5F444154417C733A3235363A2264333438313265333266356661343739306333653762653736616439623438643332313031343165623634633332396638653031336361376662623761663430636335613062316632306665353530633036353231363533363338666265316464303630366566633064333863616535633934363038323263363639633737355953654849314D2B684350776565734D4D47654A61536957796B66684D2F6C704968416C4557525231674A79736A5A6445424C6941385959384A6A6F34322F4C42484F4858515346686E2F4D414A46675A68686C54332F312F535879423257673376476A7A736D73663339597A747A4B64704636662F6B72644C764163686F67223B636172745F636F6E74656E74737C613A343A7B733A31303A22636172745F746F74616C223B643A3133323030303B733A31313A22746F74616C5F6974656D73223B643A343B733A33323A226338316537323864396434633266363336663036376638396363313438363263223B613A363A7B733A323A226964223B733A313A2232223B733A333A22717479223B643A323B733A353A227072696365223B643A33313030303B733A343A226E616D65223B733A31303A224C696461682053617069223B733A353A22726F776964223B733A33323A226338316537323864396434633266363336663036376638396363313438363263223B733A383A22737562746F74616C223B643A36323030303B7D733A33323A223435633438636365326532643766626465613161666335316337633661643236223B613A363A7B733A323A226964223B733A313A2239223B733A333A22717479223B643A323B733A353A227072696365223B643A33353030303B733A343A226E616D65223B733A393A22537573752053617069223B733A353A22726F776964223B733A33323A223435633438636365326532643766626465613161666335316337633661643236223B733A383A22737562746F74616C223B643A37303030303B7D7D);
INSERT INTO `ci_sessions` VALUES ('a3kvgdhogg1hveafke9dd29vv2eogb5e', '::1', 1624393029, 0x5F5F63695F6C6173745F726567656E65726174657C693A313632343339333032393B7265646972656374696F6E7C4E3B5F5F4143544956455F53455353494F4E5F444154417C733A3235363A2264333438313265333266356661343739306333653762653736616439623438643332313031343165623634633332396638653031336361376662623761663430636335613062316632306665353530633036353231363533363338666265316464303630366566633064333863616535633934363038323263363639633737355953654849314D2B684350776565734D4D47654A61536957796B66684D2F6C704968416C4557525231674A79736A5A6445424C6941385959384A6A6F34322F4C42484F4858515346686E2F4D414A46675A68686C54332F312F535879423257673376476A7A736D73663339597A747A4B64704636662F6B72644C764163686F67223B636172745F636F6E74656E74737C613A343A7B733A31303A22636172745F746F74616C223B643A3136333030303B733A31313A22746F74616C5F6974656D73223B643A353B733A33323A226338316537323864396434633266363336663036376638396363313438363263223B613A363A7B733A323A226964223B733A313A2232223B733A333A22717479223B643A333B733A353A227072696365223B643A33313030303B733A343A226E616D65223B733A31303A224C696461682053617069223B733A353A22726F776964223B733A33323A226338316537323864396434633266363336663036376638396363313438363263223B733A383A22737562746F74616C223B643A39333030303B7D733A33323A223435633438636365326532643766626465613161666335316337633661643236223B613A363A7B733A323A226964223B733A313A2239223B733A333A22717479223B643A323B733A353A227072696365223B643A33353030303B733A343A226E616D65223B733A393A22537573752053617069223B733A353A22726F776964223B733A33323A223435633438636365326532643766626465613161666335316337633661643236223B733A383A22737562746F74616C223B643A37303030303B7D7D);
INSERT INTO `ci_sessions` VALUES ('744p91kjnchgm3icq1ccgmm82voipiea', '::1', 1624393800, 0x5F5F63695F6C6173745F726567656E65726174657C693A313632343339333830303B7265646972656374696F6E7C4E3B5F5F4143544956455F53455353494F4E5F444154417C733A3235363A2233356266396465386437343966373634633538643864626138376238373936353963623263626536383035313363376666623462343362356464386663623266346533316565663435656434666464373863333938653464656133323933393238316237356135323730663261303264356233663065306430353261663632615A6749442F597759536C78745A535A624649613975364731305058793762302B4C6E4373723578336841656C6F687136557646634F6247354E5136417A7355612B2B756A423864745479326C3139754F6C674D733076726E454453773871695964726F4D43646A4D666B626F636D4C512B505A7839793134674A394B66364571223B636172745F636F6E74656E74737C613A353A7B733A31303A22636172745F746F74616C223B643A3139333030303B733A31313A22746F74616C5F6974656D73223B643A383B733A33323A226338316537323864396434633266363336663036376638396363313438363263223B613A363A7B733A323A226964223B733A313A2232223B733A333A22717479223B643A333B733A353A227072696365223B643A33313030303B733A343A226E616D65223B733A31303A224C696461682053617069223B733A353A22726F776964223B733A33323A226338316537323864396434633266363336663036376638396363313438363263223B733A383A22737562746F74616C223B643A39333030303B7D733A33323A223435633438636365326532643766626465613161666335316337633661643236223B613A363A7B733A323A226964223B733A313A2239223B733A333A22717479223B643A323B733A353A227072696365223B643A33353030303B733A343A226E616D65223B733A393A22537573752053617069223B733A353A22726F776964223B733A33323A223435633438636365326532643766626465613161666335316337633661643236223B733A383A22737562746F74616C223B643A37303030303B7D733A33323A226138376666363739613266336537316439313831613637623735343231323263223B613A363A7B733A323A226964223B733A313A2234223B733A333A22717479223B643A333B733A353A227072696365223B643A31303030303B733A343A226E616D65223B733A383A224174692053617069223B733A353A22726F776964223B733A33323A226138376666363739613266336537316439313831613637623735343231323263223B733A383A22737562746F74616C223B643A33303030303B7D7D);
INSERT INTO `ci_sessions` VALUES ('7etvv6l10ag2et9pf1do94h8s64fejmp', '::1', 1624394092, 0x5F5F63695F6C6173745F726567656E65726174657C693A313632343339333830303B7265646972656374696F6E7C4E3B5F5F4143544956455F53455353494F4E5F444154417C733A3235363A2233356266396465386437343966373634633538643864626138376238373936353963623263626536383035313363376666623462343362356464386663623266346533316565663435656434666464373863333938653464656133323933393238316237356135323730663261303264356233663065306430353261663632615A6749442F597759536C78745A535A624649613975364731305058793762302B4C6E4373723578336841656C6F687136557646634F6247354E5136417A7355612B2B756A423864745479326C3139754F6C674D733076726E454453773871695964726F4D43646A4D666B626F636D4C512B505A7839793134674A394B66364571223B636172745F636F6E74656E74737C613A353A7B733A31303A22636172745F746F74616C223B643A3139333030303B733A31313A22746F74616C5F6974656D73223B643A383B733A33323A226338316537323864396434633266363336663036376638396363313438363263223B613A363A7B733A323A226964223B733A313A2232223B733A333A22717479223B643A333B733A353A227072696365223B643A33313030303B733A343A226E616D65223B733A31303A224C696461682053617069223B733A353A22726F776964223B733A33323A226338316537323864396434633266363336663036376638396363313438363263223B733A383A22737562746F74616C223B643A39333030303B7D733A33323A223435633438636365326532643766626465613161666335316337633661643236223B613A363A7B733A323A226964223B733A313A2239223B733A333A22717479223B643A323B733A353A227072696365223B643A33353030303B733A343A226E616D65223B733A393A22537573752053617069223B733A353A22726F776964223B733A33323A223435633438636365326532643766626465613161666335316337633661643236223B733A383A22737562746F74616C223B643A37303030303B7D733A33323A226138376666363739613266336537316439313831613637623735343231323263223B613A363A7B733A323A226964223B733A313A2234223B733A333A22717479223B643A333B733A353A227072696365223B643A31303030303B733A343A226E616D65223B733A383A224174692053617069223B733A353A22726F776964223B733A33323A226138376666363739613266336537316439313831613637623735343231323263223B733A383A22737562746F74616C223B643A33303030303B7D7D);
INSERT INTO `ci_sessions` VALUES ('vqqcl4r3tv35prco8ah15j95tpdl6jfj', '::1', 1624417757, 0x5F5F63695F6C6173745F726567656E65726174657C693A313632343431373531323B);
INSERT INTO `ci_sessions` VALUES ('1bgmqunrd8v8o7o6dq6jlr2i04025hfv', '::1', 1624420788, 0x5F5F63695F6C6173745F726567656E65726174657C693A313632343432303738383B);
INSERT INTO `ci_sessions` VALUES ('4n1hub82mnkk460hqf9j0fepi8mfd343', '::1', 1624421116, 0x5F5F63695F6C6173745F726567656E65726174657C693A313632343432313131363B);
INSERT INTO `ci_sessions` VALUES ('k9dc2rcj3vc115njqop79m6gitabnplb', '::1', 1624421467, 0x5F5F63695F6C6173745F726567656E65726174657C693A313632343432313436373B);
INSERT INTO `ci_sessions` VALUES ('cuhtc79ou15s1so6rbok0rhbcu45v2t2', '::1', 1624421781, 0x5F5F63695F6C6173745F726567656E65726174657C693A313632343432313738313B);
INSERT INTO `ci_sessions` VALUES ('e6gcnnkehd7ck4ldnveqj50d9i1vcc9l', '::1', 1624422232, 0x5F5F63695F6C6173745F726567656E65726174657C693A313632343432323233323B5F74656D705F636F75706F6E7C733A303A22223B5F74656D705F7175616E746974797C4E3B);
INSERT INTO `ci_sessions` VALUES ('cre2eps0tf7qld28b18c1kj9085l3sfa', '::1', 1624422538, 0x5F5F63695F6C6173745F726567656E65726174657C693A313632343432323533383B5F74656D705F636F75706F6E7C733A303A22223B5F74656D705F7175616E746974797C4E3B636172745F636F6E74656E74737C613A333A7B733A31303A22636172745F746F74616C223B643A33313030303B733A31313A22746F74616C5F6974656D73223B643A313B733A33323A226338316537323864396434633266363336663036376638396363313438363263223B613A363A7B733A323A226964223B733A313A2232223B733A333A22717479223B643A313B733A353A227072696365223B643A33313030303B733A343A226E616D65223B733A31303A224C696461682053617069223B733A353A22726F776964223B733A33323A226338316537323864396434633266363336663036376638396363313438363263223B733A383A22737562746F74616C223B643A33313030303B7D7D);
INSERT INTO `ci_sessions` VALUES ('0uvjrntl2dahvvutp1femjeujlrs71dk', '::1', 1624422868, 0x5F5F63695F6C6173745F726567656E65726174657C693A313632343432323836383B5F74656D705F636F75706F6E7C733A303A22223B5F74656D705F7175616E746974797C4E3B636172745F636F6E74656E74737C613A333A7B733A31303A22636172745F746F74616C223B643A33313030303B733A31313A22746F74616C5F6974656D73223B643A313B733A33323A226338316537323864396434633266363336663036376638396363313438363263223B613A363A7B733A323A226964223B733A313A2232223B733A333A22717479223B643A313B733A353A227072696365223B643A33313030303B733A343A226E616D65223B733A31303A224C696461682053617069223B733A353A22726F776964223B733A33323A226338316537323864396434633266363336663036376638396363313438363263223B733A383A22737562746F74616C223B643A33313030303B7D7D);
INSERT INTO `ci_sessions` VALUES ('aecvq5qtmjem557o807kv2n5jse69tah', '::1', 1624423244, 0x5F5F63695F6C6173745F726567656E65726174657C693A313632343432333234343B5F74656D705F636F75706F6E7C733A303A22223B5F74656D705F7175616E746974797C4E3B636172745F636F6E74656E74737C613A343A7B733A31303A22636172745F746F74616C223B643A39363030303B733A31313A22746F74616C5F6974656D73223B643A323B733A33323A226338316537323864396434633266363336663036376638396363313438363263223B613A363A7B733A323A226964223B733A313A2232223B733A333A22717479223B643A313B733A353A227072696365223B643A33313030303B733A343A226E616D65223B733A31303A224C696461682053617069223B733A353A22726F776964223B733A33323A226338316537323864396434633266363336663036376638396363313438363263223B733A383A22737562746F74616C223B643A33313030303B7D733A33323A226334636134323338613062393233383230646363353039613666373538343962223B613A363A7B733A323A226964223B733A313A2231223B733A333A22717479223B643A313B733A353A227072696365223B643A36353030303B733A343A226E616D65223B733A31303A22446167696E6720496761223B733A353A22726F776964223B733A33323A226334636134323338613062393233383230646363353039613666373538343962223B733A383A22737562746F74616C223B643A36353030303B7D7D);
INSERT INTO `ci_sessions` VALUES ('boi21p9mtchv4dfr65esr44sqcpiu9ir', '::1', 1624423549, 0x5F5F63695F6C6173745F726567656E65726174657C693A313632343432333534393B5F74656D705F636F75706F6E7C733A303A22223B5F74656D705F7175616E746974797C4E3B);
INSERT INTO `ci_sessions` VALUES ('bccn7a2bt4b94bdh9njhrq0je4qslsn8', '::1', 1624423927, 0x5F5F63695F6C6173745F726567656E65726174657C693A313632343432333932373B5F74656D705F636F75706F6E7C733A303A22223B5F74656D705F7175616E746974797C4E3B636172745F636F6E74656E74737C613A333A7B733A31303A22636172745F746F74616C223B643A36323030303B733A31313A22746F74616C5F6974656D73223B643A323B733A33323A226338316537323864396434633266363336663036376638396363313438363263223B613A373A7B733A323A226964223B733A313A2232223B733A333A22717479223B643A323B733A353A227072696365223B643A33313030303B733A343A226E616D65223B733A31303A224C696461682053617069223B733A31363A2263757272656E745F646973636F756E74223B4E3B733A353A22726F776964223B733A33323A226338316537323864396434633266363336663036376638396363313438363263223B733A383A22737562746F74616C223B643A36323030303B7D7D);
INSERT INTO `ci_sessions` VALUES ('go5toq1q8uhbsrt9376eeqmpvochidfk', '::1', 1624424377, 0x5F5F63695F6C6173745F726567656E65726174657C693A313632343432343337373B5F74656D705F636F75706F6E7C733A303A22223B5F74656D705F7175616E746974797C4E3B636172745F636F6E74656E74737C613A333A7B733A31303A22636172745F746F74616C223B643A36323030303B733A31313A22746F74616C5F6974656D73223B643A323B733A33323A226338316537323864396434633266363336663036376638396363313438363263223B613A373A7B733A323A226964223B733A313A2232223B733A333A22717479223B643A323B733A353A227072696365223B643A33313030303B733A343A226E616D65223B733A31303A224C696461682053617069223B733A31363A2263757272656E745F646973636F756E74223B4E3B733A353A22726F776964223B733A33323A226338316537323864396434633266363336663036376638396363313438363263223B733A383A22737562746F74616C223B643A36323030303B7D7D);
INSERT INTO `ci_sessions` VALUES ('accdf7eabon523u6oljg981d21o8fjsk', '::1', 1624424781, 0x5F5F63695F6C6173745F726567656E65726174657C693A313632343432343738313B5F74656D705F636F75706F6E7C733A303A22223B5F74656D705F7175616E746974797C4E3B636172745F636F6E74656E74737C613A333A7B733A31303A22636172745F746F74616C223B643A36323030303B733A31313A22746F74616C5F6974656D73223B643A323B733A33323A226338316537323864396434633266363336663036376638396363313438363263223B613A373A7B733A323A226964223B733A313A2232223B733A333A22717479223B643A323B733A353A227072696365223B643A33313030303B733A343A226E616D65223B733A31303A224C696461682053617069223B733A31363A2263757272656E745F646973636F756E74223B4E3B733A353A22726F776964223B733A33323A226338316537323864396434633266363336663036376638396363313438363263223B733A383A22737562746F74616C223B643A36323030303B7D7D);
INSERT INTO `ci_sessions` VALUES ('da7kebuuoh5vat1kers3enfdror0csfa', '::1', 1624425083, 0x5F5F63695F6C6173745F726567656E65726174657C693A313632343432353038333B5F74656D705F636F75706F6E7C733A303A22223B5F74656D705F7175616E746974797C4E3B636172745F636F6E74656E74737C613A343A7B733A31303A22636172745F746F74616C223B643A37353030303B733A31313A22746F74616C5F6974656D73223B643A323B733A33323A226138376666363739613266336537316439313831613637623735343231323263223B613A373A7B733A323A226964223B733A313A2234223B733A333A22717479223B643A313B733A353A227072696365223B643A31303030303B733A343A226E616D65223B733A383A224174692053617069223B733A31323A2270726F647563745F756E6974223B4E3B733A353A22726F776964223B733A33323A226138376666363739613266336537316439313831613637623735343231323263223B733A383A22737562746F74616C223B643A31303030303B7D733A33323A226334636134323338613062393233383230646363353039613666373538343962223B613A373A7B733A323A226964223B733A313A2231223B733A333A22717479223B643A313B733A353A227072696365223B643A36353030303B733A343A226E616D65223B733A31303A22446167696E6720496761223B733A31323A2270726F647563745F756E6974223B4E3B733A353A22726F776964223B733A33323A226334636134323338613062393233383230646363353039613666373538343962223B733A383A22737562746F74616C223B643A36353030303B7D7D7265646972656374696F6E7C4E3B5F5F4143544956455F53455353494F4E5F444154417C733A3235363A223939353036376666393764373864356637316265363631656365623964373063373736643165386637393538663533316234333761366133373561333630656362653638376164353238613135383261636162363338653132386131626561336165373533623661633330393934343566336330636431643962633932356630713669585855345234473454646764314A4A4D67774F37412B4E78434A6C51385933647A41794A4B597135567157755A2F384B32336D6A7A565A4D4D737873366D4A626B534E557447557976536158517931697041304C574C646D6E555A66577354677841337953445A62747134796B714E75773541365661785A52314E3152223B);
INSERT INTO `ci_sessions` VALUES ('7e7h5hrjoidfr653nbmm1n9hlq60q7bv', '::1', 1624425451, 0x5F5F63695F6C6173745F726567656E65726174657C693A313632343432353435313B5F74656D705F636F75706F6E7C733A303A22223B5F74656D705F7175616E746974797C4E3B636172745F636F6E74656E74737C613A343A7B733A31303A22636172745F746F74616C223B643A37353030303B733A31313A22746F74616C5F6974656D73223B643A323B733A33323A226138376666363739613266336537316439313831613637623735343231323263223B613A373A7B733A323A226964223B733A313A2234223B733A333A22717479223B643A313B733A353A227072696365223B643A31303030303B733A343A226E616D65223B733A383A224174692053617069223B733A31323A2270726F647563745F756E6974223B4E3B733A353A22726F776964223B733A33323A226138376666363739613266336537316439313831613637623735343231323263223B733A383A22737562746F74616C223B643A31303030303B7D733A33323A226334636134323338613062393233383230646363353039613666373538343962223B613A373A7B733A323A226964223B733A313A2231223B733A333A22717479223B643A313B733A353A227072696365223B643A36353030303B733A343A226E616D65223B733A31303A22446167696E6720496761223B733A31323A2270726F647563745F756E6974223B4E3B733A353A22726F776964223B733A33323A226334636134323338613062393233383230646363353039613666373538343962223B733A383A22737562746F74616C223B643A36353030303B7D7D7265646972656374696F6E7C4E3B5F5F4143544956455F53455353494F4E5F444154417C733A3235363A223939353036376666393764373864356637316265363631656365623964373063373736643165386637393538663533316234333761366133373561333630656362653638376164353238613135383261636162363338653132386131626561336165373533623661633330393934343566336330636431643962633932356630713669585855345234473454646764314A4A4D67774F37412B4E78434A6C51385933647A41794A4B597135567157755A2F384B32336D6A7A565A4D4D737873366D4A626B534E557447557976536158517931697041304C574C646D6E555A66577354677841337953445A62747134796B714E75773541365661785A52314E3152223B);
INSERT INTO `ci_sessions` VALUES ('p3sgapr0ist6vpl8cd60f6k8b5g09hjj', '::1', 1624425856, 0x5F5F63695F6C6173745F726567656E65726174657C693A313632343432353835363B5F74656D705F636F75706F6E7C733A303A22223B5F74656D705F7175616E746974797C4E3B636172745F636F6E74656E74737C613A343A7B733A31303A22636172745F746F74616C223B643A37353030303B733A31313A22746F74616C5F6974656D73223B643A323B733A33323A226138376666363739613266336537316439313831613637623735343231323263223B613A373A7B733A323A226964223B733A313A2234223B733A333A22717479223B643A313B733A353A227072696365223B643A31303030303B733A343A226E616D65223B733A383A224174692053617069223B733A31323A2270726F647563745F756E6974223B4E3B733A353A22726F776964223B733A33323A226138376666363739613266336537316439313831613637623735343231323263223B733A383A22737562746F74616C223B643A31303030303B7D733A33323A226334636134323338613062393233383230646363353039613666373538343962223B613A373A7B733A323A226964223B733A313A2231223B733A333A22717479223B643A313B733A353A227072696365223B643A36353030303B733A343A226E616D65223B733A31303A22446167696E6720496761223B733A31323A2270726F647563745F756E6974223B4E3B733A353A22726F776964223B733A33323A226334636134323338613062393233383230646363353039613666373538343962223B733A383A22737562746F74616C223B643A36353030303B7D7D7265646972656374696F6E7C4E3B5F5F4143544956455F53455353494F4E5F444154417C733A3235363A223939353036376666393764373864356637316265363631656365623964373063373736643165386637393538663533316234333761366133373561333630656362653638376164353238613135383261636162363338653132386131626561336165373533623661633330393934343566336330636431643962633932356630713669585855345234473454646764314A4A4D67774F37412B4E78434A6C51385933647A41794A4B597135567157755A2F384B32336D6A7A565A4D4D737873366D4A626B534E557447557976536158517931697041304C574C646D6E555A66577354677841337953445A62747134796B714E75773541365661785A52314E3152223B);
INSERT INTO `ci_sessions` VALUES ('ils83vu60p79vl3mm2e2jdq15ah2v6cj', '::1', 1624426252, 0x5F5F63695F6C6173745F726567656E65726174657C693A313632343432363235323B5F74656D705F636F75706F6E7C733A303A22223B5F74656D705F7175616E746974797C4E3B636172745F636F6E74656E74737C613A343A7B733A31303A22636172745F746F74616C223B643A37353030303B733A31313A22746F74616C5F6974656D73223B643A323B733A33323A226138376666363739613266336537316439313831613637623735343231323263223B613A373A7B733A323A226964223B733A313A2234223B733A333A22717479223B643A313B733A353A227072696365223B643A31303030303B733A343A226E616D65223B733A383A224174692053617069223B733A31323A2270726F647563745F756E6974223B4E3B733A353A22726F776964223B733A33323A226138376666363739613266336537316439313831613637623735343231323263223B733A383A22737562746F74616C223B643A31303030303B7D733A33323A226334636134323338613062393233383230646363353039613666373538343962223B613A373A7B733A323A226964223B733A313A2231223B733A333A22717479223B643A313B733A353A227072696365223B643A36353030303B733A343A226E616D65223B733A31303A22446167696E6720496761223B733A31323A2270726F647563745F756E6974223B4E3B733A353A22726F776964223B733A33323A226334636134323338613062393233383230646363353039613666373538343962223B733A383A22737562746F74616C223B643A36353030303B7D7D7265646972656374696F6E7C4E3B5F5F4143544956455F53455353494F4E5F444154417C733A3235363A223939353036376666393764373864356637316265363631656365623964373063373736643165386637393538663533316234333761366133373561333630656362653638376164353238613135383261636162363338653132386131626561336165373533623661633330393934343566336330636431643962633932356630713669585855345234473454646764314A4A4D67774F37412B4E78434A6C51385933647A41794A4B597135567157755A2F384B32336D6A7A565A4D4D737873366D4A626B534E557447557976536158517931697041304C574C646D6E555A66577354677841337953445A62747134796B714E75773541365661785A52314E3152223B);
INSERT INTO `ci_sessions` VALUES ('esmt0iq00m2l8j0fjj78japl1otii6m7', '::1', 1624426626, 0x5F5F63695F6C6173745F726567656E65726174657C693A313632343432363632363B5F74656D705F636F75706F6E7C733A303A22223B5F74656D705F7175616E746974797C4E3B636172745F636F6E74656E74737C613A343A7B733A31303A22636172745F746F74616C223B643A37353030303B733A31313A22746F74616C5F6974656D73223B643A323B733A33323A226138376666363739613266336537316439313831613637623735343231323263223B613A373A7B733A323A226964223B733A313A2234223B733A333A22717479223B643A313B733A353A227072696365223B643A31303030303B733A343A226E616D65223B733A383A224174692053617069223B733A31323A2270726F647563745F756E6974223B4E3B733A353A22726F776964223B733A33323A226138376666363739613266336537316439313831613637623735343231323263223B733A383A22737562746F74616C223B643A31303030303B7D733A33323A226334636134323338613062393233383230646363353039613666373538343962223B613A373A7B733A323A226964223B733A313A2231223B733A333A22717479223B643A313B733A353A227072696365223B643A36353030303B733A343A226E616D65223B733A31303A22446167696E6720496761223B733A31323A2270726F647563745F756E6974223B4E3B733A353A22726F776964223B733A33323A226334636134323338613062393233383230646363353039613666373538343962223B733A383A22737562746F74616C223B643A36353030303B7D7D7265646972656374696F6E7C4E3B5F5F4143544956455F53455353494F4E5F444154417C733A3235363A223939353036376666393764373864356637316265363631656365623964373063373736643165386637393538663533316234333761366133373561333630656362653638376164353238613135383261636162363338653132386131626561336165373533623661633330393934343566336330636431643962633932356630713669585855345234473454646764314A4A4D67774F37412B4E78434A6C51385933647A41794A4B597135567157755A2F384B32336D6A7A565A4D4D737873366D4A626B534E557447557976536158517931697041304C574C646D6E555A66577354677841337953445A62747134796B714E75773541365661785A52314E3152223B);
INSERT INTO `ci_sessions` VALUES ('qca8o37u4vep21rg6ceascuhbmqcihil', '::1', 1624427367, 0x5F5F63695F6C6173745F726567656E65726174657C693A313632343432373336373B5F74656D705F636F75706F6E7C733A303A22223B5F74656D705F7175616E746974797C4E3B636172745F636F6E74656E74737C613A343A7B733A31303A22636172745F746F74616C223B643A37353030303B733A31313A22746F74616C5F6974656D73223B643A323B733A33323A226138376666363739613266336537316439313831613637623735343231323263223B613A373A7B733A323A226964223B733A313A2234223B733A333A22717479223B643A313B733A353A227072696365223B643A31303030303B733A343A226E616D65223B733A383A224174692053617069223B733A31323A2270726F647563745F756E6974223B4E3B733A353A22726F776964223B733A33323A226138376666363739613266336537316439313831613637623735343231323263223B733A383A22737562746F74616C223B643A31303030303B7D733A33323A226334636134323338613062393233383230646363353039613666373538343962223B613A373A7B733A323A226964223B733A313A2231223B733A333A22717479223B643A313B733A353A227072696365223B643A36353030303B733A343A226E616D65223B733A31303A22446167696E6720496761223B733A31323A2270726F647563745F756E6974223B4E3B733A353A22726F776964223B733A33323A226334636134323338613062393233383230646363353039613666373538343962223B733A383A22737562746F74616C223B643A36353030303B7D7D7265646972656374696F6E7C4E3B5F5F4143544956455F53455353494F4E5F444154417C733A3235363A223939353036376666393764373864356637316265363631656365623964373063373736643165386637393538663533316234333761366133373561333630656362653638376164353238613135383261636162363338653132386131626561336165373533623661633330393934343566336330636431643962633932356630713669585855345234473454646764314A4A4D67774F37412B4E78434A6C51385933647A41794A4B597135567157755A2F384B32336D6A7A565A4D4D737873366D4A626B534E557447557976536158517931697041304C574C646D6E555A66577354677841337953445A62747134796B714E75773541365661785A52314E3152223B);
INSERT INTO `ci_sessions` VALUES ('1up6gn5bagui3i3a5qdfde77iqck5mjh', '::1', 1624427769, 0x5F5F63695F6C6173745F726567656E65726174657C693A313632343432373736393B5F74656D705F636F75706F6E7C733A303A22223B5F74656D705F7175616E746974797C4E3B636172745F636F6E74656E74737C613A343A7B733A31303A22636172745F746F74616C223B643A37353030303B733A31313A22746F74616C5F6974656D73223B643A323B733A33323A226138376666363739613266336537316439313831613637623735343231323263223B613A373A7B733A323A226964223B733A313A2234223B733A333A22717479223B643A313B733A353A227072696365223B643A31303030303B733A343A226E616D65223B733A383A224174692053617069223B733A31323A2270726F647563745F756E6974223B4E3B733A353A22726F776964223B733A33323A226138376666363739613266336537316439313831613637623735343231323263223B733A383A22737562746F74616C223B643A31303030303B7D733A33323A226334636134323338613062393233383230646363353039613666373538343962223B613A373A7B733A323A226964223B733A313A2231223B733A333A22717479223B643A313B733A353A227072696365223B643A36353030303B733A343A226E616D65223B733A31303A22446167696E6720496761223B733A31323A2270726F647563745F756E6974223B4E3B733A353A22726F776964223B733A33323A226334636134323338613062393233383230646363353039613666373538343962223B733A383A22737562746F74616C223B643A36353030303B7D7D7265646972656374696F6E7C4E3B5F5F4143544956455F53455353494F4E5F444154417C733A3235363A223939353036376666393764373864356637316265363631656365623964373063373736643165386637393538663533316234333761366133373561333630656362653638376164353238613135383261636162363338653132386131626561336165373533623661633330393934343566336330636431643962633932356630713669585855345234473454646764314A4A4D67774F37412B4E78434A6C51385933647A41794A4B597135567157755A2F384B32336D6A7A565A4D4D737873366D4A626B534E557447557976536158517931697041304C574C646D6E555A66577354677841337953445A62747134796B714E75773541365661785A52314E3152223B);
INSERT INTO `ci_sessions` VALUES ('hg4datccf35nuhse4mbio4bse2gr63of', '::1', 1624428079, 0x5F5F63695F6C6173745F726567656E65726174657C693A313632343432383037393B5F74656D705F636F75706F6E7C733A303A22223B5F74656D705F7175616E746974797C4E3B636172745F636F6E74656E74737C613A343A7B733A31303A22636172745F746F74616C223B643A37353030303B733A31313A22746F74616C5F6974656D73223B643A323B733A33323A226138376666363739613266336537316439313831613637623735343231323263223B613A373A7B733A323A226964223B733A313A2234223B733A333A22717479223B643A313B733A353A227072696365223B643A31303030303B733A343A226E616D65223B733A383A224174692053617069223B733A31323A2270726F647563745F756E6974223B4E3B733A353A22726F776964223B733A33323A226138376666363739613266336537316439313831613637623735343231323263223B733A383A22737562746F74616C223B643A31303030303B7D733A33323A226334636134323338613062393233383230646363353039613666373538343962223B613A373A7B733A323A226964223B733A313A2231223B733A333A22717479223B643A313B733A353A227072696365223B643A36353030303B733A343A226E616D65223B733A31303A22446167696E6720496761223B733A31323A2270726F647563745F756E6974223B4E3B733A353A22726F776964223B733A33323A226334636134323338613062393233383230646363353039613666373538343962223B733A383A22737562746F74616C223B643A36353030303B7D7D7265646972656374696F6E7C4E3B5F5F4143544956455F53455353494F4E5F444154417C733A3235363A223939353036376666393764373864356637316265363631656365623964373063373736643165386637393538663533316234333761366133373561333630656362653638376164353238613135383261636162363338653132386131626561336165373533623661633330393934343566336330636431643962633932356630713669585855345234473454646764314A4A4D67774F37412B4E78434A6C51385933647A41794A4B597135567157755A2F384B32336D6A7A565A4D4D737873366D4A626B534E557447557976536158517931697041304C574C646D6E555A66577354677841337953445A62747134796B714E75773541365661785A52314E3152223B);
INSERT INTO `ci_sessions` VALUES ('s5067t9f6ust213qmuaqqo1pd83m1kdv', '::1', 1624428551, 0x5F5F63695F6C6173745F726567656E65726174657C693A313632343432383535313B5F74656D705F636F75706F6E7C733A303A22223B5F74656D705F7175616E746974797C4E3B636172745F636F6E74656E74737C613A343A7B733A31303A22636172745F746F74616C223B643A37353030303B733A31313A22746F74616C5F6974656D73223B643A323B733A33323A226138376666363739613266336537316439313831613637623735343231323263223B613A373A7B733A323A226964223B733A313A2234223B733A333A22717479223B643A313B733A353A227072696365223B643A31303030303B733A343A226E616D65223B733A383A224174692053617069223B733A31323A2270726F647563745F756E6974223B4E3B733A353A22726F776964223B733A33323A226138376666363739613266336537316439313831613637623735343231323263223B733A383A22737562746F74616C223B643A31303030303B7D733A33323A226334636134323338613062393233383230646363353039613666373538343962223B613A373A7B733A323A226964223B733A313A2231223B733A333A22717479223B643A313B733A353A227072696365223B643A36353030303B733A343A226E616D65223B733A31303A22446167696E6720496761223B733A31323A2270726F647563745F756E6974223B4E3B733A353A22726F776964223B733A33323A226334636134323338613062393233383230646363353039613666373538343962223B733A383A22737562746F74616C223B643A36353030303B7D7D7265646972656374696F6E7C4E3B5F5F4143544956455F53455353494F4E5F444154417C733A3235363A223939353036376666393764373864356637316265363631656365623964373063373736643165386637393538663533316234333761366133373561333630656362653638376164353238613135383261636162363338653132386131626561336165373533623661633330393934343566336330636431643962633932356630713669585855345234473454646764314A4A4D67774F37412B4E78434A6C51385933647A41794A4B597135567157755A2F384B32336D6A7A565A4D4D737873366D4A626B534E557447557976536158517931697041304C574C646D6E555A66577354677841337953445A62747134796B714E75773541365661785A52314E3152223B);
INSERT INTO `ci_sessions` VALUES ('qfgsj349qadjvhb5nae6r8f2dafaalv3', '::1', 1624428931, 0x5F5F63695F6C6173745F726567656E65726174657C693A313632343432383933313B5F74656D705F636F75706F6E7C733A303A22223B5F74656D705F7175616E746974797C4E3B636172745F636F6E74656E74737C613A343A7B733A31303A22636172745F746F74616C223B643A37353030303B733A31313A22746F74616C5F6974656D73223B643A323B733A33323A226138376666363739613266336537316439313831613637623735343231323263223B613A373A7B733A323A226964223B733A313A2234223B733A333A22717479223B643A313B733A353A227072696365223B643A31303030303B733A343A226E616D65223B733A383A224174692053617069223B733A31323A2270726F647563745F756E6974223B4E3B733A353A22726F776964223B733A33323A226138376666363739613266336537316439313831613637623735343231323263223B733A383A22737562746F74616C223B643A31303030303B7D733A33323A226334636134323338613062393233383230646363353039613666373538343962223B613A373A7B733A323A226964223B733A313A2231223B733A333A22717479223B643A313B733A353A227072696365223B643A36353030303B733A343A226E616D65223B733A31303A22446167696E6720496761223B733A31323A2270726F647563745F756E6974223B4E3B733A353A22726F776964223B733A33323A226334636134323338613062393233383230646363353039613666373538343962223B733A383A22737562746F74616C223B643A36353030303B7D7D7265646972656374696F6E7C4E3B5F5F4143544956455F53455353494F4E5F444154417C733A3235363A223939353036376666393764373864356637316265363631656365623964373063373736643165386637393538663533316234333761366133373561333630656362653638376164353238613135383261636162363338653132386131626561336165373533623661633330393934343566336330636431643962633932356630713669585855345234473454646764314A4A4D67774F37412B4E78434A6C51385933647A41794A4B597135567157755A2F384B32336D6A7A565A4D4D737873366D4A626B534E557447557976536158517931697041304C574C646D6E555A66577354677841337953445A62747134796B714E75773541365661785A52314E3152223B);
INSERT INTO `ci_sessions` VALUES ('ipl3gbflegjm1fousjkgdlsmkbbidjus', '::1', 1624429242, 0x5F5F63695F6C6173745F726567656E65726174657C693A313632343432393234323B5F74656D705F636F75706F6E7C733A303A22223B5F74656D705F7175616E746974797C4E3B636172745F636F6E74656E74737C613A343A7B733A31303A22636172745F746F74616C223B643A37353030303B733A31313A22746F74616C5F6974656D73223B643A323B733A33323A226138376666363739613266336537316439313831613637623735343231323263223B613A373A7B733A323A226964223B733A313A2234223B733A333A22717479223B643A313B733A353A227072696365223B643A31303030303B733A343A226E616D65223B733A383A224174692053617069223B733A31323A2270726F647563745F756E6974223B4E3B733A353A22726F776964223B733A33323A226138376666363739613266336537316439313831613637623735343231323263223B733A383A22737562746F74616C223B643A31303030303B7D733A33323A226334636134323338613062393233383230646363353039613666373538343962223B613A373A7B733A323A226964223B733A313A2231223B733A333A22717479223B643A313B733A353A227072696365223B643A36353030303B733A343A226E616D65223B733A31303A22446167696E6720496761223B733A31323A2270726F647563745F756E6974223B4E3B733A353A22726F776964223B733A33323A226334636134323338613062393233383230646363353039613666373538343962223B733A383A22737562746F74616C223B643A36353030303B7D7D7265646972656374696F6E7C4E3B5F5F4143544956455F53455353494F4E5F444154417C733A3235363A223939353036376666393764373864356637316265363631656365623964373063373736643165386637393538663533316234333761366133373561333630656362653638376164353238613135383261636162363338653132386131626561336165373533623661633330393934343566336330636431643962633932356630713669585855345234473454646764314A4A4D67774F37412B4E78434A6C51385933647A41794A4B597135567157755A2F384B32336D6A7A565A4D4D737873366D4A626B534E557447557976536158517931697041304C574C646D6E555A66577354677841337953445A62747134796B714E75773541365661785A52314E3152223B);
INSERT INTO `ci_sessions` VALUES ('4mld94m4bill6f8tqr1daojmhe7p0s2o', '::1', 1624429561, 0x5F5F63695F6C6173745F726567656E65726174657C693A313632343432393536313B5F74656D705F636F75706F6E7C733A303A22223B5F74656D705F7175616E746974797C4E3B636172745F636F6E74656E74737C613A343A7B733A31303A22636172745F746F74616C223B643A37353030303B733A31313A22746F74616C5F6974656D73223B643A323B733A33323A226138376666363739613266336537316439313831613637623735343231323263223B613A373A7B733A323A226964223B733A313A2234223B733A333A22717479223B643A313B733A353A227072696365223B643A31303030303B733A343A226E616D65223B733A383A224174692053617069223B733A31323A2270726F647563745F756E6974223B4E3B733A353A22726F776964223B733A33323A226138376666363739613266336537316439313831613637623735343231323263223B733A383A22737562746F74616C223B643A31303030303B7D733A33323A226334636134323338613062393233383230646363353039613666373538343962223B613A373A7B733A323A226964223B733A313A2231223B733A333A22717479223B643A313B733A353A227072696365223B643A36353030303B733A343A226E616D65223B733A31303A22446167696E6720496761223B733A31323A2270726F647563745F756E6974223B4E3B733A353A22726F776964223B733A33323A226334636134323338613062393233383230646363353039613666373538343962223B733A383A22737562746F74616C223B643A36353030303B7D7D7265646972656374696F6E7C4E3B5F5F4143544956455F53455353494F4E5F444154417C733A3235363A223939353036376666393764373864356637316265363631656365623964373063373736643165386637393538663533316234333761366133373561333630656362653638376164353238613135383261636162363338653132386131626561336165373533623661633330393934343566336330636431643962633932356630713669585855345234473454646764314A4A4D67774F37412B4E78434A6C51385933647A41794A4B597135567157755A2F384B32336D6A7A565A4D4D737873366D4A626B534E557447557976536158517931697041304C574C646D6E555A66577354677841337953445A62747134796B714E75773541365661785A52314E3152223B);
INSERT INTO `ci_sessions` VALUES ('u3lgj7drb8v480ifnfeqlbcqdgh9mcl1', '::1', 1624429571, 0x5F5F63695F6C6173745F726567656E65726174657C693A313632343432393536313B5F74656D705F636F75706F6E7C733A303A22223B5F74656D705F7175616E746974797C4E3B636172745F636F6E74656E74737C613A343A7B733A31303A22636172745F746F74616C223B643A37353030303B733A31313A22746F74616C5F6974656D73223B643A323B733A33323A226138376666363739613266336537316439313831613637623735343231323263223B613A373A7B733A323A226964223B733A313A2234223B733A333A22717479223B643A313B733A353A227072696365223B643A31303030303B733A343A226E616D65223B733A383A224174692053617069223B733A31323A2270726F647563745F756E6974223B4E3B733A353A22726F776964223B733A33323A226138376666363739613266336537316439313831613637623735343231323263223B733A383A22737562746F74616C223B643A31303030303B7D733A33323A226334636134323338613062393233383230646363353039613666373538343962223B613A373A7B733A323A226964223B733A313A2231223B733A333A22717479223B643A313B733A353A227072696365223B643A36353030303B733A343A226E616D65223B733A31303A22446167696E6720496761223B733A31323A2270726F647563745F756E6974223B4E3B733A353A22726F776964223B733A33323A226334636134323338613062393233383230646363353039613666373538343962223B733A383A22737562746F74616C223B643A36353030303B7D7D7265646972656374696F6E7C4E3B5F5F4143544956455F53455353494F4E5F444154417C733A3235363A223939353036376666393764373864356637316265363631656365623964373063373736643165386637393538663533316234333761366133373561333630656362653638376164353238613135383261636162363338653132386131626561336165373533623661633330393934343566336330636431643962633932356630713669585855345234473454646764314A4A4D67774F37412B4E78434A6C51385933647A41794A4B597135567157755A2F384B32336D6A7A565A4D4D737873366D4A626B534E557447557976536158517931697041304C574C646D6E555A66577354677841337953445A62747134796B714E75773541365661785A52314E3152223B);
INSERT INTO `ci_sessions` VALUES ('5d3uh0bev9thh4fcq9vvo9lvb0n8vksv', '::1', 1624437485, 0x5F5F63695F6C6173745F726567656E65726174657C693A313632343433373438343B);
INSERT INTO `ci_sessions` VALUES ('bmbhvc92sfoe932fpnskbn0arn8egij6', '::1', 1624714139, 0x5F5F63695F6C6173745F726567656E65726174657C693A313632343731343033303B636172745F636F6E74656E74737C613A333A7B733A31303A22636172745F746F74616C223B643A37303030303B733A31313A22746F74616C5F6974656D73223B643A323B733A33323A223435633438636365326532643766626465613161666335316337633661643236223B613A363A7B733A323A226964223B733A313A2239223B733A333A22717479223B643A323B733A353A227072696365223B643A33353030303B733A343A226E616D65223B733A393A22537573752053617069223B733A353A22726F776964223B733A33323A223435633438636365326532643766626465613161666335316337633661643236223B733A383A22737562746F74616C223B643A37303030303B7D7D5F74656D705F636F75706F6E7C733A303A22223B5F74656D705F7175616E746974797C4E3B7265646972656374696F6E7C733A35363A226148523063484D364C79397362324E68624768766333517663477030626D5A68636D3076633268766343396A6147566A6132393164413D3D223B);
INSERT INTO `ci_sessions` VALUES ('0qi4c6cfeifs1haklj5r7f99d1p4a35t', '::1', 1624752576, 0x5F5F63695F6C6173745F726567656E65726174657C693A313632343735323438383B7265646972656374696F6E7C4E3B5F5F4143544956455F53455353494F4E5F444154417C733A3235363A223437306638653132366430313537666135396663383463353236666562326639643733643238373238626266623262393737636131353864396637323361306465373139356136613237373861343462633137643238346634323137626662353334323362656466306432613030303865376133636461303363626132393732615677673541512F4647614669596134796761675175306E50596D594B366341495A4F3034582B4A797161336F486674565A357335686366513531526A794841646C554B2F69413265434E432B5250522F3256444731557A33506F6C587059712B672F6B5830756256384E354D4558415848644E31327856767A46426F447772223B);
INSERT INTO `ci_sessions` VALUES ('62d5sgfsg30k29g9ns1qh36sq2j4ao79', '::1', 1624770171, 0x5F5F63695F6C6173745F726567656E65726174657C693A313632343737303136313B7265646972656374696F6E7C4E3B5F5F4143544956455F53455353494F4E5F444154417C733A3235363A2233636236366636343730643837663530636266326237633333646166306334356135366231343266323661396438613039376531313136343864376665313231626661363031343833306134316461643566386236323465336335376536363163623637343461633234343439346331663631333831303962623435663862313641476D4E4265356D4E653777746678326B626F3476572F4F38337A58632B72766C5276526932564A2F597852546A354346397064435A4136612B39705761632B42686F716550514362346C477130695A47722B47576A6F477A44586957346D426B71512B77686E494C4E586D667238625377754F6252326A63496A4B387834223B);
INSERT INTO `ci_sessions` VALUES ('qtv8jm4oead6quv3qim9o7kr50ur730k', '::1', 1624770414, 0x5F5F63695F6C6173745F726567656E65726174657C693A313632343737303338373B7265646972656374696F6E7C733A34343A226148523063484D364C79397362324E68624768766333517663327470626D4E68636D5576595752746157343D223B5F5F4143544956455F53455353494F4E5F444154417C623A303B);
INSERT INTO `ci_sessions` VALUES ('djec7nlip7fdebqo89clu07ms7vmdrb6', '::1', 1624770461, 0x5F5F63695F6C6173745F726567656E65726174657C693A313632343737303436313B7265646972656374696F6E7C4E3B);
INSERT INTO `ci_sessions` VALUES ('ige05qtjfs3soimlc6tivmuk69m86j7t', '::1', 1624771473, 0x5F5F63695F6C6173745F726567656E65726174657C693A313632343737313437333B7265646972656374696F6E7C733A37323A226148523063484D364C79397362324E68624768766333517663327470626D4E68636D55765933567A644739745A584976634746356257567564484D76593239755A6D6C7962513D3D223B5F5F4143544956455F53455353494F4E5F444154417C733A3235363A22633733646236363833373761373633663831333535613133626366393731363532653264313230323430353634633738323232626334356532623361376231636636623966333334303432313761393633383430343363336239366363323131623931306539333237303637353133626461373633366662653734346633383561463849564E506F4A6D316C2B756E615154757461632F4644454C786979564153372B3174764F354332664976664478493072417972666F347935396174546D4A716756587132646D4938414A4835333364305368516D5A73674A7656466A62494C687A6832635857754C4E727173786575764845586A31316666686649486A223B);
INSERT INTO `ci_sessions` VALUES ('02729d0dh62d0pai8keoa5dulm1gcskr', '::1', 1624771852, 0x5F5F63695F6C6173745F726567656E65726174657C693A313632343737313835323B7265646972656374696F6E7C733A37323A226148523063484D364C79397362324E68624768766333517663327470626D4E68636D55765933567A644739745A584976634746356257567564484D76593239755A6D6C7962513D3D223B5F5F4143544956455F53455353494F4E5F444154417C733A3235363A22633733646236363833373761373633663831333535613133626366393731363532653264313230323430353634633738323232626334356532623361376231636636623966333334303432313761393633383430343363336239366363323131623931306539333237303637353133626461373633366662653734346633383561463849564E506F4A6D316C2B756E615154757461632F4644454C786979564153372B3174764F354332664976664478493072417972666F347935396174546D4A716756587132646D4938414A4835333364305368516D5A73674A7656466A62494C687A6832635857754C4E727173786575764845586A31316666686649486A223B);
INSERT INTO `ci_sessions` VALUES ('847qmcaka86amsh8ig2k1e613v71kpsj', '::1', 1624772954, 0x5F5F63695F6C6173745F726567656E65726174657C693A313632343737323935343B7265646972656374696F6E7C733A37323A226148523063484D364C79397362324E68624768766333517663327470626D4E68636D55765933567A644739745A584976634746356257567564484D76593239755A6D6C7962513D3D223B5F5F4143544956455F53455353494F4E5F444154417C733A3235363A22633733646236363833373761373633663831333535613133626366393731363532653264313230323430353634633738323232626334356532623361376231636636623966333334303432313761393633383430343363336239366363323131623931306539333237303637353133626461373633366662653734346633383561463849564E506F4A6D316C2B756E615154757461632F4644454C786979564153372B3174764F354332664976664478493072417972666F347935396174546D4A716756587132646D4938414A4835333364305368516D5A73674A7656466A62494C687A6832635857754C4E727173786575764845586A31316666686649486A223B);
INSERT INTO `ci_sessions` VALUES ('iuusqiv9uf8ddnsfnqi07afs045r429u', '::1', 1624773337, 0x5F5F63695F6C6173745F726567656E65726174657C693A313632343737333333373B7265646972656374696F6E7C733A37323A226148523063484D364C79397362324E68624768766333517663327470626D4E68636D55765933567A644739745A584976634746356257567564484D76593239755A6D6C7962513D3D223B5F5F4143544956455F53455353494F4E5F444154417C733A3235363A22633733646236363833373761373633663831333535613133626366393731363532653264313230323430353634633738323232626334356532623361376231636636623966333334303432313761393633383430343363336239366363323131623931306539333237303637353133626461373633366662653734346633383561463849564E506F4A6D316C2B756E615154757461632F4644454C786979564153372B3174764F354332664976664478493072417972666F347935396174546D4A716756587132646D4938414A4835333364305368516D5A73674A7656466A62494C687A6832635857754C4E727173786575764845586A31316666686649486A223B);
INSERT INTO `ci_sessions` VALUES ('j1mtn4nh1l8lbevql0khd2hcdg77lt2d', '::1', 1624783644, 0x5F5F63695F6C6173745F726567656E65726174657C693A313632343738333634333B7265646972656374696F6E7C733A37323A226148523063484D364C79397362324E68624768766333517663327470626D4E68636D55765933567A644739745A584976634746356257567564484D76593239755A6D6C7962513D3D223B5F5F4143544956455F53455353494F4E5F444154417C733A3235363A22633733646236363833373761373633663831333535613133626366393731363532653264313230323430353634633738323232626334356532623361376231636636623966333334303432313761393633383430343363336239366363323131623931306539333237303637353133626461373633366662653734346633383561463849564E506F4A6D316C2B756E615154757461632F4644454C786979564153372B3174764F354332664976664478493072417972666F347935396174546D4A716756587132646D4938414A4835333364305368516D5A73674A7656466A62494C687A6832635857754C4E727173786575764845586A31316666686649486A223B);
INSERT INTO `ci_sessions` VALUES ('pd9mnnpqrvph7uccplf9beousg5j3dhf', '::1', 1624784368, 0x5F5F63695F6C6173745F726567656E65726174657C693A313632343738343336383B7265646972656374696F6E7C733A37323A226148523063484D364C79397362324E68624768766333517663327470626D4E68636D55765933567A644739745A584976634746356257567564484D76593239755A6D6C7962513D3D223B5F5F4143544956455F53455353494F4E5F444154417C733A3235363A22633733646236363833373761373633663831333535613133626366393731363532653264313230323430353634633738323232626334356532623361376231636636623966333334303432313761393633383430343363336239366363323131623931306539333237303637353133626461373633366662653734346633383561463849564E506F4A6D316C2B756E615154757461632F4644454C786979564153372B3174764F354332664976664478493072417972666F347935396174546D4A716756587132646D4938414A4835333364305368516D5A73674A7656466A62494C687A6832635857754C4E727173786575764845586A31316666686649486A223B);
INSERT INTO `ci_sessions` VALUES ('rbh92178aecuhvivbp8e87pjtjjgado3', '::1', 1624785131, 0x5F5F63695F6C6173745F726567656E65726174657C693A313632343738353133313B7265646972656374696F6E7C733A37323A226148523063484D364C79397362324E68624768766333517663327470626D4E68636D55765933567A644739745A584976634746356257567564484D76593239755A6D6C7962513D3D223B5F5F4143544956455F53455353494F4E5F444154417C733A3235363A22633733646236363833373761373633663831333535613133626366393731363532653264313230323430353634633738323232626334356532623361376231636636623966333334303432313761393633383430343363336239366363323131623931306539333237303637353133626461373633366662653734346633383561463849564E506F4A6D316C2B756E615154757461632F4644454C786979564153372B3174764F354332664976664478493072417972666F347935396174546D4A716756587132646D4938414A4835333364305368516D5A73674A7656466A62494C687A6832635857754C4E727173786575764845586A31316666686649486A223B);
INSERT INTO `ci_sessions` VALUES ('9gf68ib4celbk5s9in8h4k2p33bb799t', '::1', 1624787068, 0x5F5F63695F6C6173745F726567656E65726174657C693A313632343738373036383B7265646972656374696F6E7C733A37323A226148523063484D364C79397362324E68624768766333517663327470626D4E68636D55765933567A644739745A584976634746356257567564484D76593239755A6D6C7962513D3D223B5F5F4143544956455F53455353494F4E5F444154417C733A3235363A22633733646236363833373761373633663831333535613133626366393731363532653264313230323430353634633738323232626334356532623361376231636636623966333334303432313761393633383430343363336239366363323131623931306539333237303637353133626461373633366662653734346633383561463849564E506F4A6D316C2B756E615154757461632F4644454C786979564153372B3174764F354332664976664478493072417972666F347935396174546D4A716756587132646D4938414A4835333364305368516D5A73674A7656466A62494C687A6832635857754C4E727173786575764845586A31316666686649486A223B);
INSERT INTO `ci_sessions` VALUES ('0j69g5npujqdv4ia3rlqd3qaibc2khs1', '::1', 1624787445, 0x5F5F63695F6C6173745F726567656E65726174657C693A313632343738373434353B7265646972656374696F6E7C733A37323A226148523063484D364C79397362324E68624768766333517663327470626D4E68636D55765933567A644739745A584976634746356257567564484D76593239755A6D6C7962513D3D223B5F5F4143544956455F53455353494F4E5F444154417C733A3235363A22633733646236363833373761373633663831333535613133626366393731363532653264313230323430353634633738323232626334356532623361376231636636623966333334303432313761393633383430343363336239366363323131623931306539333237303637353133626461373633366662653734346633383561463849564E506F4A6D316C2B756E615154757461632F4644454C786979564153372B3174764F354332664976664478493072417972666F347935396174546D4A716756587132646D4938414A4835333364305368516D5A73674A7656466A62494C687A6832635857754C4E727173786575764845586A31316666686649486A223B);
INSERT INTO `ci_sessions` VALUES ('itgr97bqpkljkrv7240snhkf2vn417d3', '::1', 1624787771, 0x5F5F63695F6C6173745F726567656E65726174657C693A313632343738373737313B7265646972656374696F6E7C733A37323A226148523063484D364C79397362324E68624768766333517663327470626D4E68636D55765933567A644739745A584976634746356257567564484D76593239755A6D6C7962513D3D223B5F5F4143544956455F53455353494F4E5F444154417C733A3235363A22633733646236363833373761373633663831333535613133626366393731363532653264313230323430353634633738323232626334356532623361376231636636623966333334303432313761393633383430343363336239366363323131623931306539333237303637353133626461373633366662653734346633383561463849564E506F4A6D316C2B756E615154757461632F4644454C786979564153372B3174764F354332664976664478493072417972666F347935396174546D4A716756587132646D4938414A4835333364305368516D5A73674A7656466A62494C687A6832635857754C4E727173786575764845586A31316666686649486A223B);
INSERT INTO `ci_sessions` VALUES ('7evd05dinu0t5sm9onjlpnfaiie19gaa', '::1', 1624788083, 0x5F5F63695F6C6173745F726567656E65726174657C693A313632343738383038333B7265646972656374696F6E7C733A37323A226148523063484D364C79397362324E68624768766333517663327470626D4E68636D55765933567A644739745A584976634746356257567564484D76593239755A6D6C7962513D3D223B5F5F4143544956455F53455353494F4E5F444154417C733A3235363A22633733646236363833373761373633663831333535613133626366393731363532653264313230323430353634633738323232626334356532623361376231636636623966333334303432313761393633383430343363336239366363323131623931306539333237303637353133626461373633366662653734346633383561463849564E506F4A6D316C2B756E615154757461632F4644454C786979564153372B3174764F354332664976664478493072417972666F347935396174546D4A716756587132646D4938414A4835333364305368516D5A73674A7656466A62494C687A6832635857754C4E727173786575764845586A31316666686649486A223B);
INSERT INTO `ci_sessions` VALUES ('gcf1du4pocpqkmbu3vd1orqtf1hccsmp', '::1', 1624788942, 0x5F5F63695F6C6173745F726567656E65726174657C693A313632343738383934323B7265646972656374696F6E7C733A37323A226148523063484D364C79397362324E68624768766333517663327470626D4E68636D55765933567A644739745A584976634746356257567564484D76593239755A6D6C7962513D3D223B5F5F4143544956455F53455353494F4E5F444154417C733A3235363A22633733646236363833373761373633663831333535613133626366393731363532653264313230323430353634633738323232626334356532623361376231636636623966333334303432313761393633383430343363336239366363323131623931306539333237303637353133626461373633366662653734346633383561463849564E506F4A6D316C2B756E615154757461632F4644454C786979564153372B3174764F354332664976664478493072417972666F347935396174546D4A716756587132646D4938414A4835333364305368516D5A73674A7656466A62494C687A6832635857754C4E727173786575764845586A31316666686649486A223B);
INSERT INTO `ci_sessions` VALUES ('r023dl4uk1cu1iconm8ru2n7h0s3cqjn', '::1', 1624789297, 0x5F5F63695F6C6173745F726567656E65726174657C693A313632343738393239373B7265646972656374696F6E7C733A37323A226148523063484D364C79397362324E68624768766333517663327470626D4E68636D55765933567A644739745A584976634746356257567564484D76593239755A6D6C7962513D3D223B5F5F4143544956455F53455353494F4E5F444154417C733A3235363A22633733646236363833373761373633663831333535613133626366393731363532653264313230323430353634633738323232626334356532623361376231636636623966333334303432313761393633383430343363336239366363323131623931306539333237303637353133626461373633366662653734346633383561463849564E506F4A6D316C2B756E615154757461632F4644454C786979564153372B3174764F354332664976664478493072417972666F347935396174546D4A716756587132646D4938414A4835333364305368516D5A73674A7656466A62494C687A6832635857754C4E727173786575764845586A31316666686649486A223B);
INSERT INTO `ci_sessions` VALUES ('dgjau3nao763sjgj37kh5e3etbcq4pvr', '::1', 1624789683, 0x5F5F63695F6C6173745F726567656E65726174657C693A313632343738393638333B7265646972656374696F6E7C733A37323A226148523063484D364C79397362324E68624768766333517663327470626D4E68636D55765933567A644739745A584976634746356257567564484D76593239755A6D6C7962513D3D223B5F5F4143544956455F53455353494F4E5F444154417C733A3235363A22633733646236363833373761373633663831333535613133626366393731363532653264313230323430353634633738323232626334356532623361376231636636623966333334303432313761393633383430343363336239366363323131623931306539333237303637353133626461373633366662653734346633383561463849564E506F4A6D316C2B756E615154757461632F4644454C786979564153372B3174764F354332664976664478493072417972666F347935396174546D4A716756587132646D4938414A4835333364305368516D5A73674A7656466A62494C687A6832635857754C4E727173786575764845586A31316666686649486A223B);
INSERT INTO `ci_sessions` VALUES ('gb74q56qr0mi3feq05d8ldfqrjtem86n', '::1', 1624789996, 0x5F5F63695F6C6173745F726567656E65726174657C693A313632343738393939363B7265646972656374696F6E7C733A37323A226148523063484D364C79397362324E68624768766333517663327470626D4E68636D55765933567A644739745A584976634746356257567564484D76593239755A6D6C7962513D3D223B5F5F4143544956455F53455353494F4E5F444154417C733A3235363A22633733646236363833373761373633663831333535613133626366393731363532653264313230323430353634633738323232626334356532623361376231636636623966333334303432313761393633383430343363336239366363323131623931306539333237303637353133626461373633366662653734346633383561463849564E506F4A6D316C2B756E615154757461632F4644454C786979564153372B3174764F354332664976664478493072417972666F347935396174546D4A716756587132646D4938414A4835333364305368516D5A73674A7656466A62494C687A6832635857754C4E727173786575764845586A31316666686649486A223B);
INSERT INTO `ci_sessions` VALUES ('h5blgkmjodvvsnqbcffv5gnbdsuhtnct', '::1', 1624790334, 0x5F5F63695F6C6173745F726567656E65726174657C693A313632343739303333343B7265646972656374696F6E7C733A37323A226148523063484D364C79397362324E68624768766333517663327470626D4E68636D55765933567A644739745A584976634746356257567564484D76593239755A6D6C7962513D3D223B5F5F4143544956455F53455353494F4E5F444154417C733A3235363A22633733646236363833373761373633663831333535613133626366393731363532653264313230323430353634633738323232626334356532623361376231636636623966333334303432313761393633383430343363336239366363323131623931306539333237303637353133626461373633366662653734346633383561463849564E506F4A6D316C2B756E615154757461632F4644454C786979564153372B3174764F354332664976664478493072417972666F347935396174546D4A716756587132646D4938414A4835333364305368516D5A73674A7656466A62494C687A6832635857754C4E727173786575764845586A31316666686649486A223B);
INSERT INTO `ci_sessions` VALUES ('9ns394he6ap10elhu48pddl3qn20htac', '::1', 1624790642, 0x5F5F63695F6C6173745F726567656E65726174657C693A313632343739303634323B7265646972656374696F6E7C733A37323A226148523063484D364C79397362324E68624768766333517663327470626D4E68636D55765933567A644739745A584976634746356257567564484D76593239755A6D6C7962513D3D223B5F5F4143544956455F53455353494F4E5F444154417C733A3235363A22633733646236363833373761373633663831333535613133626366393731363532653264313230323430353634633738323232626334356532623361376231636636623966333334303432313761393633383430343363336239366363323131623931306539333237303637353133626461373633366662653734346633383561463849564E506F4A6D316C2B756E615154757461632F4644454C786979564153372B3174764F354332664976664478493072417972666F347935396174546D4A716756587132646D4938414A4835333364305368516D5A73674A7656466A62494C687A6832635857754C4E727173786575764845586A31316666686649486A223B);
INSERT INTO `ci_sessions` VALUES ('83m8q1k3n7rop3i6q15gradp2chtguv6', '::1', 1624791238, 0x5F5F63695F6C6173745F726567656E65726174657C693A313632343739313233383B7265646972656374696F6E7C733A37323A226148523063484D364C79397362324E68624768766333517663327470626D4E68636D55765933567A644739745A584976634746356257567564484D76593239755A6D6C7962513D3D223B5F5F4143544956455F53455353494F4E5F444154417C733A3235363A22633733646236363833373761373633663831333535613133626366393731363532653264313230323430353634633738323232626334356532623361376231636636623966333334303432313761393633383430343363336239366363323131623931306539333237303637353133626461373633366662653734346633383561463849564E506F4A6D316C2B756E615154757461632F4644454C786979564153372B3174764F354332664976664478493072417972666F347935396174546D4A716756587132646D4938414A4835333364305368516D5A73674A7656466A62494C687A6832635857754C4E727173786575764845586A31316666686649486A223B);
INSERT INTO `ci_sessions` VALUES ('5ttnc1skqfmpd3kte7h5muuoe3d614lb', '::1', 1624791901, 0x5F5F63695F6C6173745F726567656E65726174657C693A313632343739313930313B7265646972656374696F6E7C733A37323A226148523063484D364C79397362324E68624768766333517663327470626D4E68636D55765933567A644739745A584976634746356257567564484D76593239755A6D6C7962513D3D223B5F5F4143544956455F53455353494F4E5F444154417C733A3235363A22633733646236363833373761373633663831333535613133626366393731363532653264313230323430353634633738323232626334356532623361376231636636623966333334303432313761393633383430343363336239366363323131623931306539333237303637353133626461373633366662653734346633383561463849564E506F4A6D316C2B756E615154757461632F4644454C786979564153372B3174764F354332664976664478493072417972666F347935396174546D4A716756587132646D4938414A4835333364305368516D5A73674A7656466A62494C687A6832635857754C4E727173786575764845586A31316666686649486A223B);
INSERT INTO `ci_sessions` VALUES ('c4jtohtfi9c7sjka7k4e17ahc9o07va0', '::1', 1624792214, 0x5F5F63695F6C6173745F726567656E65726174657C693A313632343739323231343B7265646972656374696F6E7C733A37323A226148523063484D364C79397362324E68624768766333517663327470626D4E68636D55765933567A644739745A584976634746356257567564484D76593239755A6D6C7962513D3D223B5F5F4143544956455F53455353494F4E5F444154417C733A3235363A22633733646236363833373761373633663831333535613133626366393731363532653264313230323430353634633738323232626334356532623361376231636636623966333334303432313761393633383430343363336239366363323131623931306539333237303637353133626461373633366662653734346633383561463849564E506F4A6D316C2B756E615154757461632F4644454C786979564153372B3174764F354332664976664478493072417972666F347935396174546D4A716756587132646D4938414A4835333364305368516D5A73674A7656466A62494C687A6832635857754C4E727173786575764845586A31316666686649486A223B);
INSERT INTO `ci_sessions` VALUES ('s9tbgfsrkt5b8m0d4ln7sq9785hr0a9t', '::1', 1624792569, 0x5F5F63695F6C6173745F726567656E65726174657C693A313632343739323536393B7265646972656374696F6E7C733A37323A226148523063484D364C79397362324E68624768766333517663327470626D4E68636D55765933567A644739745A584976634746356257567564484D76593239755A6D6C7962513D3D223B5F5F4143544956455F53455353494F4E5F444154417C733A3235363A22633733646236363833373761373633663831333535613133626366393731363532653264313230323430353634633738323232626334356532623361376231636636623966333334303432313761393633383430343363336239366363323131623931306539333237303637353133626461373633366662653734346633383561463849564E506F4A6D316C2B756E615154757461632F4644454C786979564153372B3174764F354332664976664478493072417972666F347935396174546D4A716756587132646D4938414A4835333364305368516D5A73674A7656466A62494C687A6832635857754C4E727173786575764845586A31316666686649486A223B);
INSERT INTO `ci_sessions` VALUES ('25bi6pgf994g80jl2c7h8v2i4bfh6qf9', '::1', 1624793210, 0x5F5F63695F6C6173745F726567656E65726174657C693A313632343739333231303B7265646972656374696F6E7C733A37323A226148523063484D364C79397362324E68624768766333517663327470626D4E68636D55765933567A644739745A584976634746356257567564484D76593239755A6D6C7962513D3D223B5F5F4143544956455F53455353494F4E5F444154417C733A3235363A22633733646236363833373761373633663831333535613133626366393731363532653264313230323430353634633738323232626334356532623361376231636636623966333334303432313761393633383430343363336239366363323131623931306539333237303637353133626461373633366662653734346633383561463849564E506F4A6D316C2B756E615154757461632F4644454C786979564153372B3174764F354332664976664478493072417972666F347935396174546D4A716756587132646D4938414A4835333364305368516D5A73674A7656466A62494C687A6832635857754C4E727173786575764845586A31316666686649486A223B);
INSERT INTO `ci_sessions` VALUES ('4eif9io5ocmfqss2omq2lldp0oou7qi0', '::1', 1624793518, 0x5F5F63695F6C6173745F726567656E65726174657C693A313632343739333531383B7265646972656374696F6E7C733A37323A226148523063484D364C79397362324E68624768766333517663327470626D4E68636D55765933567A644739745A584976634746356257567564484D76593239755A6D6C7962513D3D223B5F5F4143544956455F53455353494F4E5F444154417C733A3235363A22633733646236363833373761373633663831333535613133626366393731363532653264313230323430353634633738323232626334356532623361376231636636623966333334303432313761393633383430343363336239366363323131623931306539333237303637353133626461373633366662653734346633383561463849564E506F4A6D316C2B756E615154757461632F4644454C786979564153372B3174764F354332664976664478493072417972666F347935396174546D4A716756587132646D4938414A4835333364305368516D5A73674A7656466A62494C687A6832635857754C4E727173786575764845586A31316666686649486A223B);
INSERT INTO `ci_sessions` VALUES ('hqlgquq20ntfa9vcu5o4t1dvkc8bs453', '::1', 1624794001, 0x5F5F63695F6C6173745F726567656E65726174657C693A313632343739343030313B7265646972656374696F6E7C733A37323A226148523063484D364C79397362324E68624768766333517663327470626D4E68636D55765933567A644739745A584976634746356257567564484D76593239755A6D6C7962513D3D223B5F5F4143544956455F53455353494F4E5F444154417C733A3235363A22633733646236363833373761373633663831333535613133626366393731363532653264313230323430353634633738323232626334356532623361376231636636623966333334303432313761393633383430343363336239366363323131623931306539333237303637353133626461373633366662653734346633383561463849564E506F4A6D316C2B756E615154757461632F4644454C786979564153372B3174764F354332664976664478493072417972666F347935396174546D4A716756587132646D4938414A4835333364305368516D5A73674A7656466A62494C687A6832635857754C4E727173786575764845586A31316666686649486A223B);
INSERT INTO `ci_sessions` VALUES ('e1sg1sdmeg4fruvmmuu6s2pltg7dm2m4', '::1', 1624803774, 0x5F5F63695F6C6173745F726567656E65726174657C693A313632343830333737343B7265646972656374696F6E7C733A37323A226148523063484D364C79397362324E68624768766333517663327470626D4E68636D55765933567A644739745A584976634746356257567564484D76593239755A6D6C7962513D3D223B5F5F4143544956455F53455353494F4E5F444154417C733A3235363A22633733646236363833373761373633663831333535613133626366393731363532653264313230323430353634633738323232626334356532623361376231636636623966333334303432313761393633383430343363336239366363323131623931306539333237303637353133626461373633366662653734346633383561463849564E506F4A6D316C2B756E615154757461632F4644454C786979564153372B3174764F354332664976664478493072417972666F347935396174546D4A716756587132646D4938414A4835333364305368516D5A73674A7656466A62494C687A6832635857754C4E727173786575764845586A31316666686649486A223B);
INSERT INTO `ci_sessions` VALUES ('brtrdkmu0j7p0qate6brvqp95g6kihj8', '::1', 1624804078, 0x5F5F63695F6C6173745F726567656E65726174657C693A313632343830343037383B7265646972656374696F6E7C733A37323A226148523063484D364C79397362324E68624768766333517663327470626D4E68636D55765933567A644739745A584976634746356257567564484D76593239755A6D6C7962513D3D223B5F5F4143544956455F53455353494F4E5F444154417C733A3235363A22633733646236363833373761373633663831333535613133626366393731363532653264313230323430353634633738323232626334356532623361376231636636623966333334303432313761393633383430343363336239366363323131623931306539333237303637353133626461373633366662653734346633383561463849564E506F4A6D316C2B756E615154757461632F4644454C786979564153372B3174764F354332664976664478493072417972666F347935396174546D4A716756587132646D4938414A4835333364305368516D5A73674A7656466A62494C687A6832635857754C4E727173786575764845586A31316666686649486A223B);
INSERT INTO `ci_sessions` VALUES ('8oettdb739gp29kbnngnkl4van99a07c', '::1', 1624804439, 0x5F5F63695F6C6173745F726567656E65726174657C693A313632343830343433393B7265646972656374696F6E7C733A37323A226148523063484D364C79397362324E68624768766333517663327470626D4E68636D55765933567A644739745A584976634746356257567564484D76593239755A6D6C7962513D3D223B5F5F4143544956455F53455353494F4E5F444154417C733A3235363A22633733646236363833373761373633663831333535613133626366393731363532653264313230323430353634633738323232626334356532623361376231636636623966333334303432313761393633383430343363336239366363323131623931306539333237303637353133626461373633366662653734346633383561463849564E506F4A6D316C2B756E615154757461632F4644454C786979564153372B3174764F354332664976664478493072417972666F347935396174546D4A716756587132646D4938414A4835333364305368516D5A73674A7656466A62494C687A6832635857754C4E727173786575764845586A31316666686649486A223B);
INSERT INTO `ci_sessions` VALUES ('d6nl3rqd1okbahrs34bbd9q58f07mk3r', '::1', 1624805295, 0x5F5F63695F6C6173745F726567656E65726174657C693A313632343830353239353B7265646972656374696F6E7C733A37323A226148523063484D364C79397362324E68624768766333517663327470626D4E68636D55765933567A644739745A584976634746356257567564484D76593239755A6D6C7962513D3D223B5F5F4143544956455F53455353494F4E5F444154417C733A3235363A22633733646236363833373761373633663831333535613133626366393731363532653264313230323430353634633738323232626334356532623361376231636636623966333334303432313761393633383430343363336239366363323131623931306539333237303637353133626461373633366662653734346633383561463849564E506F4A6D316C2B756E615154757461632F4644454C786979564153372B3174764F354332664976664478493072417972666F347935396174546D4A716756587132646D4938414A4835333364305368516D5A73674A7656466A62494C687A6832635857754C4E727173786575764845586A31316666686649486A223B);
INSERT INTO `ci_sessions` VALUES ('bvo6avc8uat5oh491lvsh5ift1bovc63', '::1', 1624805785, 0x5F5F63695F6C6173745F726567656E65726174657C693A313632343830353738353B7265646972656374696F6E7C733A37323A226148523063484D364C79397362324E68624768766333517663327470626D4E68636D55765933567A644739745A584976634746356257567564484D76593239755A6D6C7962513D3D223B5F5F4143544956455F53455353494F4E5F444154417C733A3235363A22633733646236363833373761373633663831333535613133626366393731363532653264313230323430353634633738323232626334356532623361376231636636623966333334303432313761393633383430343363336239366363323131623931306539333237303637353133626461373633366662653734346633383561463849564E506F4A6D316C2B756E615154757461632F4644454C786979564153372B3174764F354332664976664478493072417972666F347935396174546D4A716756587132646D4938414A4835333364305368516D5A73674A7656466A62494C687A6832635857754C4E727173786575764845586A31316666686649486A223B);
INSERT INTO `ci_sessions` VALUES ('nhiofcjjm4gcavbppsevk57lo08lol4r', '::1', 1624806616, 0x5F5F63695F6C6173745F726567656E65726174657C693A313632343830363631363B7265646972656374696F6E7C733A37323A226148523063484D364C79397362324E68624768766333517663327470626D4E68636D55765933567A644739745A584976634746356257567564484D76593239755A6D6C7962513D3D223B5F5F4143544956455F53455353494F4E5F444154417C733A3235363A22633733646236363833373761373633663831333535613133626366393731363532653264313230323430353634633738323232626334356532623361376231636636623966333334303432313761393633383430343363336239366363323131623931306539333237303637353133626461373633366662653734346633383561463849564E506F4A6D316C2B756E615154757461632F4644454C786979564153372B3174764F354332664976664478493072417972666F347935396174546D4A716756587132646D4938414A4835333364305368516D5A73674A7656466A62494C687A6832635857754C4E727173786575764845586A31316666686649486A223B);
INSERT INTO `ci_sessions` VALUES ('ov468bnd93rg105qssndav5e3ugifitg', '::1', 1624807128, 0x5F5F63695F6C6173745F726567656E65726174657C693A313632343830373132383B7265646972656374696F6E7C733A37323A226148523063484D364C79397362324E68624768766333517663327470626D4E68636D55765933567A644739745A584976634746356257567564484D76593239755A6D6C7962513D3D223B5F5F4143544956455F53455353494F4E5F444154417C733A3235363A22633733646236363833373761373633663831333535613133626366393731363532653264313230323430353634633738323232626334356532623361376231636636623966333334303432313761393633383430343363336239366363323131623931306539333237303637353133626461373633366662653734346633383561463849564E506F4A6D316C2B756E615154757461632F4644454C786979564153372B3174764F354332664976664478493072417972666F347935396174546D4A716756587132646D4938414A4835333364305368516D5A73674A7656466A62494C687A6832635857754C4E727173786575764845586A31316666686649486A223B);
INSERT INTO `ci_sessions` VALUES ('mj15iut1up3r9ncghdlr6s6br9plvj75', '::1', 1624807601, 0x5F5F63695F6C6173745F726567656E65726174657C693A313632343830373630313B7265646972656374696F6E7C733A37323A226148523063484D364C79397362324E68624768766333517663327470626D4E68636D55765933567A644739745A584976634746356257567564484D76593239755A6D6C7962513D3D223B5F5F4143544956455F53455353494F4E5F444154417C733A3235363A22633733646236363833373761373633663831333535613133626366393731363532653264313230323430353634633738323232626334356532623361376231636636623966333334303432313761393633383430343363336239366363323131623931306539333237303637353133626461373633366662653734346633383561463849564E506F4A6D316C2B756E615154757461632F4644454C786979564153372B3174764F354332664976664478493072417972666F347935396174546D4A716756587132646D4938414A4835333364305368516D5A73674A7656466A62494C687A6832635857754C4E727173786575764845586A31316666686649486A223B);
INSERT INTO `ci_sessions` VALUES ('8uiteunkcf5c9iputerqlk65g7gf6v54', '::1', 1624807634, 0x5F5F63695F6C6173745F726567656E65726174657C693A313632343830373630313B7265646972656374696F6E7C733A37323A226148523063484D364C79397362324E68624768766333517663327470626D4E68636D55765933567A644739745A584976634746356257567564484D76593239755A6D6C7962513D3D223B5F5F4143544956455F53455353494F4E5F444154417C733A3235363A22633733646236363833373761373633663831333535613133626366393731363532653264313230323430353634633738323232626334356532623361376231636636623966333334303432313761393633383430343363336239366363323131623931306539333237303637353133626461373633366662653734346633383561463849564E506F4A6D316C2B756E615154757461632F4644454C786979564153372B3174764F354332664976664478493072417972666F347935396174546D4A716756587132646D4938414A4835333364305368516D5A73674A7656466A62494C687A6832635857754C4E727173786575764845586A31316666686649486A223B);
INSERT INTO `ci_sessions` VALUES ('ki1mtcrsr1q8a1haf5ssmrescl0a6e2r', '::1', 1624809307, 0x5F5F63695F6C6173745F726567656E65726174657C693A313632343830393330373B5F5F4143544956455F53455353494F4E5F444154417C733A3235363A223031383033623933643830383638643663363265336562653763656332393834623935633531393637656431613061303466326438303231396663663964636564393461396238666165393633323733376433613861656136333966636361313830393765393734376166636666363338666339633038326436353636643836654D337445686647554F713746696B396A3630374463665934796A325670782F4C6B624D4D68445747417077494964616E4F3078694A755267784A443444355A635979477A364141424B536438312B4F564C39583934586A706F58374B6D4644317856306D546967766B72495668614A48532B53567A35706A4B4B444A2F764D223B);
INSERT INTO `ci_sessions` VALUES ('fg83f1147rlkrerf3m9krm54umt0nrsa', '::1', 1624810414, 0x5F5F63695F6C6173745F726567656E65726174657C693A313632343831303431343B5F5F4143544956455F53455353494F4E5F444154417C733A3235363A223031383033623933643830383638643663363265336562653763656332393834623935633531393637656431613061303466326438303231396663663964636564393461396238666165393633323733376433613861656136333966636361313830393765393734376166636666363338666339633038326436353636643836654D337445686647554F713746696B396A3630374463665934796A325670782F4C6B624D4D68445747417077494964616E4F3078694A755267784A443444355A635979477A364141424B536438312B4F564C39583934586A706F58374B6D4644317856306D546967766B72495668614A48532B53567A35706A4B4B444A2F764D223B);
INSERT INTO `ci_sessions` VALUES ('onl7et4gsqt6caon7funtl55n211qffs', '::1', 1624811061, 0x5F5F63695F6C6173745F726567656E65726174657C693A313632343831313036313B5F5F4143544956455F53455353494F4E5F444154417C733A3235363A223031383033623933643830383638643663363265336562653763656332393834623935633531393637656431613061303466326438303231396663663964636564393461396238666165393633323733376433613861656136333966636361313830393765393734376166636666363338666339633038326436353636643836654D337445686647554F713746696B396A3630374463665934796A325670782F4C6B624D4D68445747417077494964616E4F3078694A755267784A443444355A635979477A364141424B536438312B4F564C39583934586A706F58374B6D4644317856306D546967766B72495668614A48532B53567A35706A4B4B444A2F764D223B);
INSERT INTO `ci_sessions` VALUES ('94s6eg3816hi6fl5r4r28pmfc2n9afpg', '::1', 1624811819, 0x5F5F63695F6C6173745F726567656E65726174657C693A313632343831313831393B5F5F4143544956455F53455353494F4E5F444154417C733A3235363A223031383033623933643830383638643663363265336562653763656332393834623935633531393637656431613061303466326438303231396663663964636564393461396238666165393633323733376433613861656136333966636361313830393765393734376166636666363338666339633038326436353636643836654D337445686647554F713746696B396A3630374463665934796A325670782F4C6B624D4D68445747417077494964616E4F3078694A755267784A443444355A635979477A364141424B536438312B4F564C39583934586A706F58374B6D4644317856306D546967766B72495668614A48532B53567A35706A4B4B444A2F764D223B);
INSERT INTO `ci_sessions` VALUES ('ku3r7siunel8joj4jgpqduel0c2u17g7', '::1', 1624812163, 0x5F5F63695F6C6173745F726567656E65726174657C693A313632343831323136333B5F5F4143544956455F53455353494F4E5F444154417C733A3235363A223031383033623933643830383638643663363265336562653763656332393834623935633531393637656431613061303466326438303231396663663964636564393461396238666165393633323733376433613861656136333966636361313830393765393734376166636666363338666339633038326436353636643836654D337445686647554F713746696B396A3630374463665934796A325670782F4C6B624D4D68445747417077494964616E4F3078694A755267784A443444355A635979477A364141424B536438312B4F564C39583934586A706F58374B6D4644317856306D546967766B72495668614A48532B53567A35706A4B4B444A2F764D223B);
INSERT INTO `ci_sessions` VALUES ('h64u8h00mpndpcuu1u223lmnr6bmi54s', '::1', 1624812465, 0x5F5F63695F6C6173745F726567656E65726174657C693A313632343831323436353B5F5F4143544956455F53455353494F4E5F444154417C733A3235363A223031383033623933643830383638643663363265336562653763656332393834623935633531393637656431613061303466326438303231396663663964636564393461396238666165393633323733376433613861656136333966636361313830393765393734376166636666363338666339633038326436353636643836654D337445686647554F713746696B396A3630374463665934796A325670782F4C6B624D4D68445747417077494964616E4F3078694A755267784A443444355A635979477A364141424B536438312B4F564C39583934586A706F58374B6D4644317856306D546967766B72495668614A48532B53567A35706A4B4B444A2F764D223B);
INSERT INTO `ci_sessions` VALUES ('srajv1iduqn4v6r4s2d6l31qsjek6317', '::1', 1624812951, 0x5F5F63695F6C6173745F726567656E65726174657C693A313632343831323935313B5F5F4143544956455F53455353494F4E5F444154417C733A3235363A223031383033623933643830383638643663363265336562653763656332393834623935633531393637656431613061303466326438303231396663663964636564393461396238666165393633323733376433613861656136333966636361313830393765393734376166636666363338666339633038326436353636643836654D337445686647554F713746696B396A3630374463665934796A325670782F4C6B624D4D68445747417077494964616E4F3078694A755267784A443444355A635979477A364141424B536438312B4F564C39583934586A706F58374B6D4644317856306D546967766B72495668614A48532B53567A35706A4B4B444A2F764D223B);
INSERT INTO `ci_sessions` VALUES ('fmoeumdccdt6h0f1v7tlipp6sj64crse', '::1', 1624813287, 0x5F5F63695F6C6173745F726567656E65726174657C693A313632343831333238373B5F5F4143544956455F53455353494F4E5F444154417C733A3235363A223031383033623933643830383638643663363265336562653763656332393834623935633531393637656431613061303466326438303231396663663964636564393461396238666165393633323733376433613861656136333966636361313830393765393734376166636666363338666339633038326436353636643836654D337445686647554F713746696B396A3630374463665934796A325670782F4C6B624D4D68445747417077494964616E4F3078694A755267784A443444355A635979477A364141424B536438312B4F564C39583934586A706F58374B6D4644317856306D546967766B72495668614A48532B53567A35706A4B4B444A2F764D223B);
INSERT INTO `ci_sessions` VALUES ('ooqr4uijt8hp069vdf3icg0m6b32bjce', '::1', 1624813841, 0x5F5F63695F6C6173745F726567656E65726174657C693A313632343831333834313B5F5F4143544956455F53455353494F4E5F444154417C733A3235363A223031383033623933643830383638643663363265336562653763656332393834623935633531393637656431613061303466326438303231396663663964636564393461396238666165393633323733376433613861656136333966636361313830393765393734376166636666363338666339633038326436353636643836654D337445686647554F713746696B396A3630374463665934796A325670782F4C6B624D4D68445747417077494964616E4F3078694A755267784A443444355A635979477A364141424B536438312B4F564C39583934586A706F58374B6D4644317856306D546967766B72495668614A48532B53567A35706A4B4B444A2F764D223B);
INSERT INTO `ci_sessions` VALUES ('bdr1v5pov09f64s5jfbf48qpmgu323fb', '::1', 1624814398, 0x5F5F63695F6C6173745F726567656E65726174657C693A313632343831343339383B5F5F4143544956455F53455353494F4E5F444154417C733A3235363A223031383033623933643830383638643663363265336562653763656332393834623935633531393637656431613061303466326438303231396663663964636564393461396238666165393633323733376433613861656136333966636361313830393765393734376166636666363338666339633038326436353636643836654D337445686647554F713746696B396A3630374463665934796A325670782F4C6B624D4D68445747417077494964616E4F3078694A755267784A443444355A635979477A364141424B536438312B4F564C39583934586A706F58374B6D4644317856306D546967766B72495668614A48532B53567A35706A4B4B444A2F764D223B);
INSERT INTO `ci_sessions` VALUES ('int74fq781m0hnhkmk6d5k4e7qp0r861', '::1', 1624814219, 0x5F5F63695F6C6173745F726567656E65726174657C693A313632343831343231393B5F5F4143544956455F53455353494F4E5F444154417C733A3235363A223437333963363739653162666635353963653461376534366339653837643933633939643338306263643033316536613062346366376563623565373335376131666136616332353330643065326436333862363339386162613032623938303734333064313062313566313234316536623864366138363939373339376261613148526176414D554E62467336556E4A6F666379644535305259317556365457645A50494D777070446356426A464F4F6B77667658566238774B695348774B5A434E33357769386E426B79316E3848736969484B46365A4F563754654671776A674F6138626A3535794F4D50695876696D37686E6C4D7448474C52656A7345223B);
INSERT INTO `ci_sessions` VALUES ('1haplo9epci815krlggrntdphmb34g4n', '::1', 1624814230, 0x5F5F63695F6C6173745F726567656E65726174657C693A313632343831343231393B5F5F4143544956455F53455353494F4E5F444154417C733A3235363A223437333963363739653162666635353963653461376534366339653837643933633939643338306263643033316536613062346366376563623565373335376131666136616332353330643065326436333862363339386162613032623938303734333064313062313566313234316536623864366138363939373339376261613148526176414D554E62467336556E4A6F666379644535305259317556365457645A50494D777070446356426A464F4F6B77667658566238774B695348774B5A434E33357769386E426B79316E3848736969484B46365A4F563754654671776A674F6138626A3535794F4D50695876696D37686E6C4D7448474C52656A7345223B);
INSERT INTO `ci_sessions` VALUES ('00slaog6jo4g8s5fg9jjuaio1je3q1fq', '::1', 1624814752, 0x5F5F63695F6C6173745F726567656E65726174657C693A313632343831343735323B5F5F4143544956455F53455353494F4E5F444154417C733A3235363A223031383033623933643830383638643663363265336562653763656332393834623935633531393637656431613061303466326438303231396663663964636564393461396238666165393633323733376433613861656136333966636361313830393765393734376166636666363338666339633038326436353636643836654D337445686647554F713746696B396A3630374463665934796A325670782F4C6B624D4D68445747417077494964616E4F3078694A755267784A443444355A635979477A364141424B536438312B4F564C39583934586A706F58374B6D4644317856306D546967766B72495668614A48532B53567A35706A4B4B444A2F764D223B);
INSERT INTO `ci_sessions` VALUES ('pdqt5sg0q94a6ognsmielj811gvlcab5', '::1', 1624814740, 0x5F5F63695F6C6173745F726567656E65726174657C693A313632343831343732303B7265646972656374696F6E7C4E3B5F5F4143544956455F53455353494F4E5F444154417C733A3235363A2232333131663534383633346134366166333935646563373431633862353736306133636538623238626231663438393565623333303239396137646365303662653235316232313831353465396563313836656635306566636230366137613139343366383934653635323736333132623534643839313037313530303238313148535A4B48696A334B4A774F41524E4F79743353427348644E4E5232436668336A734E527248727A3561614755642F6D4B486E2B67452B654C5A64356D7A524661365475655744664851487A754441796943356D726151707A5230616C6E5A4B433257315366367854534A7479627563353978764F545330777762592B2B6A223B);
INSERT INTO `ci_sessions` VALUES ('c7dftkjr6aj4dklto81u7jmd0qa26dca', '::1', 1624815111, 0x5F5F63695F6C6173745F726567656E65726174657C693A313632343831353131313B5F5F4143544956455F53455353494F4E5F444154417C733A3235363A223031383033623933643830383638643663363265336562653763656332393834623935633531393637656431613061303466326438303231396663663964636564393461396238666165393633323733376433613861656136333966636361313830393765393734376166636666363338666339633038326436353636643836654D337445686647554F713746696B396A3630374463665934796A325670782F4C6B624D4D68445747417077494964616E4F3078694A755267784A443444355A635979477A364141424B536438312B4F564C39583934586A706F58374B6D4644317856306D546967766B72495668614A48532B53567A35706A4B4B444A2F764D223B);
INSERT INTO `ci_sessions` VALUES ('n408frk2oq7he22tgqtp1ro7iind6mcj', '::1', 1624815431, 0x5F5F63695F6C6173745F726567656E65726174657C693A313632343831353433313B5F5F4143544956455F53455353494F4E5F444154417C733A3235363A223031383033623933643830383638643663363265336562653763656332393834623935633531393637656431613061303466326438303231396663663964636564393461396238666165393633323733376433613861656136333966636361313830393765393734376166636666363338666339633038326436353636643836654D337445686647554F713746696B396A3630374463665934796A325670782F4C6B624D4D68445747417077494964616E4F3078694A755267784A443444355A635979477A364141424B536438312B4F564C39583934586A706F58374B6D4644317856306D546967766B72495668614A48532B53567A35706A4B4B444A2F764D223B);
INSERT INTO `ci_sessions` VALUES ('31uupi7sfeh4r1h1gd0h16kas5j17ofk', '::1', 1624815733, 0x5F5F63695F6C6173745F726567656E65726174657C693A313632343831353733333B5F5F4143544956455F53455353494F4E5F444154417C733A3235363A223031383033623933643830383638643663363265336562653763656332393834623935633531393637656431613061303466326438303231396663663964636564393461396238666165393633323733376433613861656136333966636361313830393765393734376166636666363338666339633038326436353636643836654D337445686647554F713746696B396A3630374463665934796A325670782F4C6B624D4D68445747417077494964616E4F3078694A755267784A443444355A635979477A364141424B536438312B4F564C39583934586A706F58374B6D4644317856306D546967766B72495668614A48532B53567A35706A4B4B444A2F764D223B);
INSERT INTO `ci_sessions` VALUES ('43pkckbp8krdholc0f25nkblfqc795gg', '::1', 1624850104, 0x5F5F63695F6C6173745F726567656E65726174657C693A313632343835303130343B5F5F4143544956455F53455353494F4E5F444154417C733A3235363A223031383033623933643830383638643663363265336562653763656332393834623935633531393637656431613061303466326438303231396663663964636564393461396238666165393633323733376433613861656136333966636361313830393765393734376166636666363338666339633038326436353636643836654D337445686647554F713746696B396A3630374463665934796A325670782F4C6B624D4D68445747417077494964616E4F3078694A755267784A443444355A635979477A364141424B536438312B4F564C39583934586A706F58374B6D4644317856306D546967766B72495668614A48532B53567A35706A4B4B444A2F764D223B);
INSERT INTO `ci_sessions` VALUES ('v7f0gkcsbae0e24ommjba5c1pk2363ql', '::1', 1624850516, 0x5F5F63695F6C6173745F726567656E65726174657C693A313632343835303531363B5F5F4143544956455F53455353494F4E5F444154417C733A3235363A223031383033623933643830383638643663363265336562653763656332393834623935633531393637656431613061303466326438303231396663663964636564393461396238666165393633323733376433613861656136333966636361313830393765393734376166636666363338666339633038326436353636643836654D337445686647554F713746696B396A3630374463665934796A325670782F4C6B624D4D68445747417077494964616E4F3078694A755267784A443444355A635979477A364141424B536438312B4F564C39583934586A706F58374B6D4644317856306D546967766B72495668614A48532B53567A35706A4B4B444A2F764D223B);
INSERT INTO `ci_sessions` VALUES ('h92trvv92q3s9k6o3u98olrbs6mrlras', '::1', 1624850946, 0x5F5F63695F6C6173745F726567656E65726174657C693A313632343835303934363B5F5F4143544956455F53455353494F4E5F444154417C733A3235363A223031383033623933643830383638643663363265336562653763656332393834623935633531393637656431613061303466326438303231396663663964636564393461396238666165393633323733376433613861656136333966636361313830393765393734376166636666363338666339633038326436353636643836654D337445686647554F713746696B396A3630374463665934796A325670782F4C6B624D4D68445747417077494964616E4F3078694A755267784A443444355A635979477A364141424B536438312B4F564C39583934586A706F58374B6D4644317856306D546967766B72495668614A48532B53567A35706A4B4B444A2F764D223B);
INSERT INTO `ci_sessions` VALUES ('f2noamnbobr3cva2hs97b636ed0ai907', '::1', 1624851397, 0x5F5F63695F6C6173745F726567656E65726174657C693A313632343835313339373B5F5F4143544956455F53455353494F4E5F444154417C733A3235363A223031383033623933643830383638643663363265336562653763656332393834623935633531393637656431613061303466326438303231396663663964636564393461396238666165393633323733376433613861656136333966636361313830393765393734376166636666363338666339633038326436353636643836654D337445686647554F713746696B396A3630374463665934796A325670782F4C6B624D4D68445747417077494964616E4F3078694A755267784A443444355A635979477A364141424B536438312B4F564C39583934586A706F58374B6D4644317856306D546967766B72495668614A48532B53567A35706A4B4B444A2F764D223B);
INSERT INTO `ci_sessions` VALUES ('mrm2p90rdrtoc1shdppnp5gijkput1ve', '::1', 1624852912, 0x5F5F63695F6C6173745F726567656E65726174657C693A313632343835323931323B5F5F4143544956455F53455353494F4E5F444154417C733A3235363A223031383033623933643830383638643663363265336562653763656332393834623935633531393637656431613061303466326438303231396663663964636564393461396238666165393633323733376433613861656136333966636361313830393765393734376166636666363338666339633038326436353636643836654D337445686647554F713746696B396A3630374463665934796A325670782F4C6B624D4D68445747417077494964616E4F3078694A755267784A443444355A635979477A364141424B536438312B4F564C39583934586A706F58374B6D4644317856306D546967766B72495668614A48532B53567A35706A4B4B444A2F764D223B);
INSERT INTO `ci_sessions` VALUES ('ugdli36jh5rkjfhu2kv99eveokgudf2a', '::1', 1624853266, 0x5F5F63695F6C6173745F726567656E65726174657C693A313632343835333236363B5F5F4143544956455F53455353494F4E5F444154417C733A3235363A223031383033623933643830383638643663363265336562653763656332393834623935633531393637656431613061303466326438303231396663663964636564393461396238666165393633323733376433613861656136333966636361313830393765393734376166636666363338666339633038326436353636643836654D337445686647554F713746696B396A3630374463665934796A325670782F4C6B624D4D68445747417077494964616E4F3078694A755267784A443444355A635979477A364141424B536438312B4F564C39583934586A706F58374B6D4644317856306D546967766B72495668614A48532B53567A35706A4B4B444A2F764D223B);
INSERT INTO `ci_sessions` VALUES ('0avpi5dsc3mi9o7gfk7coh8fve3c8b14', '::1', 1624853582, 0x5F5F63695F6C6173745F726567656E65726174657C693A313632343835333538323B5F5F4143544956455F53455353494F4E5F444154417C733A3235363A223031383033623933643830383638643663363265336562653763656332393834623935633531393637656431613061303466326438303231396663663964636564393461396238666165393633323733376433613861656136333966636361313830393765393734376166636666363338666339633038326436353636643836654D337445686647554F713746696B396A3630374463665934796A325670782F4C6B624D4D68445747417077494964616E4F3078694A755267784A443444355A635979477A364141424B536438312B4F564C39583934586A706F58374B6D4644317856306D546967766B72495668614A48532B53567A35706A4B4B444A2F764D223B);
INSERT INTO `ci_sessions` VALUES ('n5bj672mt94j1nb1a3socgjj95vdrcm2', '::1', 1624855768, 0x5F5F63695F6C6173745F726567656E65726174657C693A313632343835353736383B5F5F4143544956455F53455353494F4E5F444154417C733A3235363A223031383033623933643830383638643663363265336562653763656332393834623935633531393637656431613061303466326438303231396663663964636564393461396238666165393633323733376433613861656136333966636361313830393765393734376166636666363338666339633038326436353636643836654D337445686647554F713746696B396A3630374463665934796A325670782F4C6B624D4D68445747417077494964616E4F3078694A755267784A443444355A635979477A364141424B536438312B4F564C39583934586A706F58374B6D4644317856306D546967766B72495668614A48532B53567A35706A4B4B444A2F764D223B);
INSERT INTO `ci_sessions` VALUES ('3aq4282i1svj52mfmtiq8p90ablf7guo', '::1', 1624856199, 0x5F5F63695F6C6173745F726567656E65726174657C693A313632343835363139393B5F5F4143544956455F53455353494F4E5F444154417C733A3235363A223031383033623933643830383638643663363265336562653763656332393834623935633531393637656431613061303466326438303231396663663964636564393461396238666165393633323733376433613861656136333966636361313830393765393734376166636666363338666339633038326436353636643836654D337445686647554F713746696B396A3630374463665934796A325670782F4C6B624D4D68445747417077494964616E4F3078694A755267784A443444355A635979477A364141424B536438312B4F564C39583934586A706F58374B6D4644317856306D546967766B72495668614A48532B53567A35706A4B4B444A2F764D223B);
INSERT INTO `ci_sessions` VALUES ('0ntd4ckfi393c93nv4k31f4l5d5vjm1c', '::1', 1624856511, 0x5F5F63695F6C6173745F726567656E65726174657C693A313632343835363531313B5F5F4143544956455F53455353494F4E5F444154417C733A3235363A223031383033623933643830383638643663363265336562653763656332393834623935633531393637656431613061303466326438303231396663663964636564393461396238666165393633323733376433613861656136333966636361313830393765393734376166636666363338666339633038326436353636643836654D337445686647554F713746696B396A3630374463665934796A325670782F4C6B624D4D68445747417077494964616E4F3078694A755267784A443444355A635979477A364141424B536438312B4F564C39583934586A706F58374B6D4644317856306D546967766B72495668614A48532B53567A35706A4B4B444A2F764D223B);
INSERT INTO `ci_sessions` VALUES ('c6jjui4oba0klbbdau2s69qr0o7fiuu2', '::1', 1624856912, 0x5F5F63695F6C6173745F726567656E65726174657C693A313632343835363931323B5F5F4143544956455F53455353494F4E5F444154417C733A3235363A223031383033623933643830383638643663363265336562653763656332393834623935633531393637656431613061303466326438303231396663663964636564393461396238666165393633323733376433613861656136333966636361313830393765393734376166636666363338666339633038326436353636643836654D337445686647554F713746696B396A3630374463665934796A325670782F4C6B624D4D68445747417077494964616E4F3078694A755267784A443444355A635979477A364141424B536438312B4F564C39583934586A706F58374B6D4644317856306D546967766B72495668614A48532B53567A35706A4B4B444A2F764D223B);
INSERT INTO `ci_sessions` VALUES ('q81ellbr05atnj8s1bfcn9bahre4m944', '::1', 1624857664, 0x5F5F63695F6C6173745F726567656E65726174657C693A313632343835373636343B5F5F4143544956455F53455353494F4E5F444154417C733A3235363A223031383033623933643830383638643663363265336562653763656332393834623935633531393637656431613061303466326438303231396663663964636564393461396238666165393633323733376433613861656136333966636361313830393765393734376166636666363338666339633038326436353636643836654D337445686647554F713746696B396A3630374463665934796A325670782F4C6B624D4D68445747417077494964616E4F3078694A755267784A443444355A635979477A364141424B536438312B4F564C39583934586A706F58374B6D4644317856306D546967766B72495668614A48532B53567A35706A4B4B444A2F764D223B);
INSERT INTO `ci_sessions` VALUES ('47kbiim713lk95qct99bgep0lrhpn0cu', '::1', 1624857989, 0x5F5F63695F6C6173745F726567656E65726174657C693A313632343835373938393B5F5F4143544956455F53455353494F4E5F444154417C733A3235363A223031383033623933643830383638643663363265336562653763656332393834623935633531393637656431613061303466326438303231396663663964636564393461396238666165393633323733376433613861656136333966636361313830393765393734376166636666363338666339633038326436353636643836654D337445686647554F713746696B396A3630374463665934796A325670782F4C6B624D4D68445747417077494964616E4F3078694A755267784A443444355A635979477A364141424B536438312B4F564C39583934586A706F58374B6D4644317856306D546967766B72495668614A48532B53567A35706A4B4B444A2F764D223B);
INSERT INTO `ci_sessions` VALUES ('n4lrs7lo5fojtatjiljja7grd6rsqjs8', '::1', 1624859097, 0x5F5F63695F6C6173745F726567656E65726174657C693A313632343835393039373B5F5F4143544956455F53455353494F4E5F444154417C733A3235363A223031383033623933643830383638643663363265336562653763656332393834623935633531393637656431613061303466326438303231396663663964636564393461396238666165393633323733376433613861656136333966636361313830393765393734376166636666363338666339633038326436353636643836654D337445686647554F713746696B396A3630374463665934796A325670782F4C6B624D4D68445747417077494964616E4F3078694A755267784A443444355A635979477A364141424B536438312B4F564C39583934586A706F58374B6D4644317856306D546967766B72495668614A48532B53567A35706A4B4B444A2F764D223B);
INSERT INTO `ci_sessions` VALUES ('g4uknta6e0dnn67oo3g89bbqso8dkai5', '::1', 1624859531, 0x5F5F63695F6C6173745F726567656E65726174657C693A313632343835393533313B5F5F4143544956455F53455353494F4E5F444154417C733A3235363A223031383033623933643830383638643663363265336562653763656332393834623935633531393637656431613061303466326438303231396663663964636564393461396238666165393633323733376433613861656136333966636361313830393765393734376166636666363338666339633038326436353636643836654D337445686647554F713746696B396A3630374463665934796A325670782F4C6B624D4D68445747417077494964616E4F3078694A755267784A443444355A635979477A364141424B536438312B4F564C39583934586A706F58374B6D4644317856306D546967766B72495668614A48532B53567A35706A4B4B444A2F764D223B);
INSERT INTO `ci_sessions` VALUES ('3meki7g0qsgvt18s97sahamiu3atttbh', '::1', 1624859861, 0x5F5F63695F6C6173745F726567656E65726174657C693A313632343835393836313B5F5F4143544956455F53455353494F4E5F444154417C733A3235363A223031383033623933643830383638643663363265336562653763656332393834623935633531393637656431613061303466326438303231396663663964636564393461396238666165393633323733376433613861656136333966636361313830393765393734376166636666363338666339633038326436353636643836654D337445686647554F713746696B396A3630374463665934796A325670782F4C6B624D4D68445747417077494964616E4F3078694A755267784A443444355A635979477A364141424B536438312B4F564C39583934586A706F58374B6D4644317856306D546967766B72495668614A48532B53567A35706A4B4B444A2F764D223B);
INSERT INTO `ci_sessions` VALUES ('p3h3ojt6300kcmu4ppsu1igkbnm8a0nl', '::1', 1624861587, 0x5F5F63695F6C6173745F726567656E65726174657C693A313632343836313538373B5F5F4143544956455F53455353494F4E5F444154417C733A3235363A223031383033623933643830383638643663363265336562653763656332393834623935633531393637656431613061303466326438303231396663663964636564393461396238666165393633323733376433613861656136333966636361313830393765393734376166636666363338666339633038326436353636643836654D337445686647554F713746696B396A3630374463665934796A325670782F4C6B624D4D68445747417077494964616E4F3078694A755267784A443444355A635979477A364141424B536438312B4F564C39583934586A706F58374B6D4644317856306D546967766B72495668614A48532B53567A35706A4B4B444A2F764D223B);
INSERT INTO `ci_sessions` VALUES ('j2fji4bkpn192ikkiubs4lnppog3tq2h', '::1', 1624862015, 0x5F5F63695F6C6173745F726567656E65726174657C693A313632343836323031353B5F5F4143544956455F53455353494F4E5F444154417C733A3235363A223031383033623933643830383638643663363265336562653763656332393834623935633531393637656431613061303466326438303231396663663964636564393461396238666165393633323733376433613861656136333966636361313830393765393734376166636666363338666339633038326436353636643836654D337445686647554F713746696B396A3630374463665934796A325670782F4C6B624D4D68445747417077494964616E4F3078694A755267784A443444355A635979477A364141424B536438312B4F564C39583934586A706F58374B6D4644317856306D546967766B72495668614A48532B53567A35706A4B4B444A2F764D223B);
INSERT INTO `ci_sessions` VALUES ('qmu4ghl706ij2631rj8ucqf6uru73d9f', '::1', 1624868452, 0x5F5F63695F6C6173745F726567656E65726174657C693A313632343836383435323B5F5F4143544956455F53455353494F4E5F444154417C733A3235363A223031383033623933643830383638643663363265336562653763656332393834623935633531393637656431613061303466326438303231396663663964636564393461396238666165393633323733376433613861656136333966636361313830393765393734376166636666363338666339633038326436353636643836654D337445686647554F713746696B396A3630374463665934796A325670782F4C6B624D4D68445747417077494964616E4F3078694A755267784A443444355A635979477A364141424B536438312B4F564C39583934586A706F58374B6D4644317856306D546967766B72495668614A48532B53567A35706A4B4B444A2F764D223B);
INSERT INTO `ci_sessions` VALUES ('gpindm9prodd1l9bbfvk4cfkjjktrb4k', '::1', 1624873010, 0x5F5F63695F6C6173745F726567656E65726174657C693A313632343837333031303B5F5F4143544956455F53455353494F4E5F444154417C733A3235363A223031383033623933643830383638643663363265336562653763656332393834623935633531393637656431613061303466326438303231396663663964636564393461396238666165393633323733376433613861656136333966636361313830393765393734376166636666363338666339633038326436353636643836654D337445686647554F713746696B396A3630374463665934796A325670782F4C6B624D4D68445747417077494964616E4F3078694A755267784A443444355A635979477A364141424B536438312B4F564C39583934586A706F58374B6D4644317856306D546967766B72495668614A48532B53567A35706A4B4B444A2F764D223B);
INSERT INTO `ci_sessions` VALUES ('6subap3etrm53vuf23qskbninfsmafpm', '::1', 1624886576, 0x5F5F63695F6C6173745F726567656E65726174657C693A313632343838363537363B5F5F4143544956455F53455353494F4E5F444154417C733A3235363A223031383033623933643830383638643663363265336562653763656332393834623935633531393637656431613061303466326438303231396663663964636564393461396238666165393633323733376433613861656136333966636361313830393765393734376166636666363338666339633038326436353636643836654D337445686647554F713746696B396A3630374463665934796A325670782F4C6B624D4D68445747417077494964616E4F3078694A755267784A443444355A635979477A364141424B536438312B4F564C39583934586A706F58374B6D4644317856306D546967766B72495668614A48532B53567A35706A4B4B444A2F764D223B);
INSERT INTO `ci_sessions` VALUES ('opeuktm7lvd0del0roor26gjnkllmj99', '::1', 1624889440, 0x5F5F63695F6C6173745F726567656E65726174657C693A313632343838393434303B5F5F4143544956455F53455353494F4E5F444154417C733A3235363A223031383033623933643830383638643663363265336562653763656332393834623935633531393637656431613061303466326438303231396663663964636564393461396238666165393633323733376433613861656136333966636361313830393765393734376166636666363338666339633038326436353636643836654D337445686647554F713746696B396A3630374463665934796A325670782F4C6B624D4D68445747417077494964616E4F3078694A755267784A443444355A635979477A364141424B536438312B4F564C39583934586A706F58374B6D4644317856306D546967766B72495668614A48532B53567A35706A4B4B444A2F764D223B);
INSERT INTO `ci_sessions` VALUES ('2vbo0q0bj9gc3c06qje80fqgshtodtp3', '::1', 1624889752, 0x5F5F63695F6C6173745F726567656E65726174657C693A313632343838393735323B5F5F4143544956455F53455353494F4E5F444154417C733A3235363A223031383033623933643830383638643663363265336562653763656332393834623935633531393637656431613061303466326438303231396663663964636564393461396238666165393633323733376433613861656136333966636361313830393765393734376166636666363338666339633038326436353636643836654D337445686647554F713746696B396A3630374463665934796A325670782F4C6B624D4D68445747417077494964616E4F3078694A755267784A443444355A635979477A364141424B536438312B4F564C39583934586A706F58374B6D4644317856306D546967766B72495668614A48532B53567A35706A4B4B444A2F764D223B);
INSERT INTO `ci_sessions` VALUES ('0l8jj5qu22764aa7ir0dd2t0q6cb0fjc', '::1', 1624890064, 0x5F5F63695F6C6173745F726567656E65726174657C693A313632343839303036343B5F5F4143544956455F53455353494F4E5F444154417C733A3235363A223031383033623933643830383638643663363265336562653763656332393834623935633531393637656431613061303466326438303231396663663964636564393461396238666165393633323733376433613861656136333966636361313830393765393734376166636666363338666339633038326436353636643836654D337445686647554F713746696B396A3630374463665934796A325670782F4C6B624D4D68445747417077494964616E4F3078694A755267784A443444355A635979477A364141424B536438312B4F564C39583934586A706F58374B6D4644317856306D546967766B72495668614A48532B53567A35706A4B4B444A2F764D223B);
INSERT INTO `ci_sessions` VALUES ('2qh4pi5rd2nf9775d1s3v18irrfk11oq', '::1', 1624890421, 0x5F5F63695F6C6173745F726567656E65726174657C693A313632343839303432313B6C6F67696E5F666C6173687C733A31363A22426572686173696C206C6F676F757421223B5F5F63695F766172737C613A313A7B733A31313A226C6F67696E5F666C617368223B733A333A226F6C64223B7D7265646972656374696F6E7C4E3B);
INSERT INTO `ci_sessions` VALUES ('gu37j47pk6tc97bp7sha1ido81itgvvc', '::1', 1624890936, 0x5F5F63695F6C6173745F726567656E65726174657C693A313632343839303933363B7265646972656374696F6E7C4E3B);
INSERT INTO `ci_sessions` VALUES ('tkf7fl9ohs0b52luo6b6m7lf43d5e65a', '::1', 1624892963, 0x5F5F63695F6C6173745F726567656E65726174657C693A313632343839323936333B7265646972656374696F6E7C4E3B);
INSERT INTO `ci_sessions` VALUES ('tm0pqd1283qg4ep58f5p5khl4k1rlv4f', '::1', 1624893458, 0x5F5F63695F6C6173745F726567656E65726174657C693A313632343839333435383B7265646972656374696F6E7C4E3B5F5F4143544956455F53455353494F4E5F444154417C733A3235363A223762376163646438306165356333616533343661326365356264393163656333356432666366663336306263313462646236396661646261643466643261623035356231643665333164636636303731613537303234393136636531633237353337343462626265326166353934313536316232376462313232346634393862684C6C516E7845644F7875734637614E395931427158786F7376733579424A386D702B7932753847772F4D584B5754433247367573784D6C71324A746F4D486A6C6777716F4F53705A776C6A4F79375351516F4857494444495242784C51777342794D6E6645624732706F585954504E5A756D762F727946667A497650333175223B);
INSERT INTO `ci_sessions` VALUES ('euondlodq16ahlc08p4p611dr9cd9ta1', '::1', 1624893585, 0x5F5F63695F6C6173745F726567656E65726174657C693A313632343839333435383B7265646972656374696F6E7C4E3B5F5F4143544956455F53455353494F4E5F444154417C733A3235363A223762376163646438306165356333616533343661326365356264393163656333356432666366663336306263313462646236396661646261643466643261623035356231643665333164636636303731613537303234393136636531633237353337343462626265326166353934313536316232376462313232346634393862684C6C516E7845644F7875734637614E395931427158786F7376733579424A386D702B7932753847772F4D584B5754433247367573784D6C71324A746F4D486A6C6777716F4F53705A776C6A4F79375351516F4857494444495242784C51777342794D6E6645624732706F585954504E5A756D762F727946667A497650333175223B);
INSERT INTO `ci_sessions` VALUES ('7lq1gdmukq1ohthh6e2qb8r33i0s1t91', '::1', 1624933795, 0x5F5F63695F6C6173745F726567656E65726174657C693A313632343933333739323B7265646972656374696F6E7C733A36343A226148523063484D364C79397362324E68624768766333517663327470626D4E68636D5576595752746157347663484A765A48566A64484D765A57527064433831223B);
INSERT INTO `ci_sessions` VALUES ('jbn4q6cvrmrj0i92q4lv018r6d9iac99', '::1', 1624933801, 0x5F5F63695F6C6173745F726567656E65726174657C693A313632343933333739323B);

-- ----------------------------
-- Table structure for contacts
-- ----------------------------
DROP TABLE IF EXISTS `contacts`;
CREATE TABLE `contacts`  (
  `id` int(10) NOT NULL AUTO_INCREMENT,
  `parent_id` int(10) NULL DEFAULT NULL,
  `name` varchar(32) CHARACTER SET utf8mb4 COLLATE utf8mb4_general_ci NOT NULL,
  `subject` varchar(128) CHARACTER SET utf8mb4 COLLATE utf8mb4_general_ci NULL DEFAULT NULL,
  `email` varchar(64) CHARACTER SET utf8mb4 COLLATE utf8mb4_general_ci NOT NULL,
  `message` mediumtext CHARACTER SET utf8mb4 COLLATE utf8mb4_general_ci NOT NULL,
  `contact_date` datetime(0) NULL DEFAULT NULL,
  `status` tinyint(1) NULL DEFAULT 1,
  `reply_at` datetime(0) NULL DEFAULT NULL,
  PRIMARY KEY (`id`) USING BTREE,
  INDEX `FK_contacts_contacts`(`parent_id`) USING BTREE,
  CONSTRAINT `FK_contacts_contacts` FOREIGN KEY (`parent_id`) REFERENCES `contacts` (`id`) ON DELETE CASCADE ON UPDATE RESTRICT
) ENGINE = InnoDB AUTO_INCREMENT = 1 CHARACTER SET = utf8mb4 COLLATE = utf8mb4_general_ci ROW_FORMAT = Dynamic;

-- ----------------------------
-- Records of contacts
-- ----------------------------
INSERT INTO `contacts` VALUES (1, NULL, 'Agung Tri Saputra', 'Pengiriman kok lama?', 'martinms.za@gmail.com', 'pengiriman pesanan saya kok lama ya', '2020-03-29 07:40:13', 2, NULL);

-- ----------------------------
-- Table structure for coupons
-- ----------------------------
DROP TABLE IF EXISTS `coupons`;
CREATE TABLE `coupons`  (
  `id` bigint(20) NOT NULL AUTO_INCREMENT,
  `name` varchar(191) CHARACTER SET utf8mb4 COLLATE utf8mb4_general_ci NOT NULL,
  `code` varchar(32) CHARACTER SET utf8mb4 COLLATE utf8mb4_general_ci NOT NULL,
  `credit` decimal(8, 2) NOT NULL,
  `start_date` date NOT NULL,
  `expired_date` date NOT NULL,
  `is_active` tinyint(4) NULL DEFAULT 1,
  PRIMARY KEY (`id`) USING BTREE
) ENGINE = InnoDB AUTO_INCREMENT = 7 CHARACTER SET = utf8mb4 COLLATE = utf8mb4_general_ci ROW_FORMAT = Dynamic;

-- ----------------------------
-- Records of coupons
-- ----------------------------
INSERT INTO `coupons` VALUES (4, 'Berbagi Ramadhan', 'RAMADHAN2021', 5000.00, '2021-05-02', '2021-05-09', 1);
INSERT INTO `coupons` VALUES (5, 'WELCOME MAY', 'MAY21', 4000.00, '2021-05-01', '2021-05-08', 1);
INSERT INTO `coupons` VALUES (6, 'Promo Juni', 'JUNIBAHAGIA', 1000.00, '2021-06-28', '2021-06-30', 1);
INSERT INTO `coupons` VALUES (7, 'Judge Day', '1200A', 1500.00, '2021-06-29', '2021-07-02', 1);

-- ----------------------------
-- Table structure for customers
-- ----------------------------
DROP TABLE IF EXISTS `customers`;
CREATE TABLE `customers`  (
  `id` bigint(20) NOT NULL AUTO_INCREMENT,
  `user_id` bigint(20) UNSIGNED NULL DEFAULT NULL,
  `name` varchar(191) CHARACTER SET utf8mb4 COLLATE utf8mb4_general_ci NOT NULL,
  `phone_number` varchar(32) CHARACTER SET utf8mb4 COLLATE utf8mb4_general_ci NULL DEFAULT NULL,
  `address` varchar(191) CHARACTER SET utf8mb4 COLLATE utf8mb4_general_ci NOT NULL,
  `profile_picture` varchar(191) CHARACTER SET utf8mb4 COLLATE utf8mb4_general_ci NULL DEFAULT NULL,
  PRIMARY KEY (`id`) USING BTREE,
  INDEX `FK_customers_users`(`user_id`) USING BTREE,
  CONSTRAINT `FK_customers_users` FOREIGN KEY (`user_id`) REFERENCES `users` (`id`) ON DELETE RESTRICT ON UPDATE CASCADE
) ENGINE = InnoDB AUTO_INCREMENT = 11 CHARACTER SET = utf8mb4 COLLATE = utf8mb4_general_ci ROW_FORMAT = Dynamic;

-- ----------------------------
-- Records of customers
-- ----------------------------
INSERT INTO `customers` VALUES (6, 7, 'Agung Tri Saputra', '081328907767', 'Kost Indah Jaya Belakang No. 19, Jl. Medan Baru VI, Kandang Limun, Bengkulu', 'agung.png');
INSERT INTO `customers` VALUES (7, 8, 'Martin Mulyo Syahidin', '08227163734', 'medan', NULL);

-- ----------------------------
-- Table structure for order_items
-- ----------------------------
DROP TABLE IF EXISTS `order_items`;
CREATE TABLE `order_items`  (
  `id` bigint(20) NOT NULL AUTO_INCREMENT,
  `order_id` bigint(20) NULL DEFAULT NULL,
  `product_id` bigint(20) NULL DEFAULT NULL,
  `order_qty` int(10) NOT NULL,
  `order_price` decimal(8, 2) NULL DEFAULT NULL,
  PRIMARY KEY (`id`) USING BTREE,
  INDEX `order_id`(`order_id`) USING BTREE,
  INDEX `product_id`(`product_id`) USING BTREE,
  CONSTRAINT `order_items_ibfk_1` FOREIGN KEY (`order_id`) REFERENCES `orders` (`id`) ON DELETE CASCADE ON UPDATE RESTRICT,
  CONSTRAINT `order_items_ibfk_2` FOREIGN KEY (`product_id`) REFERENCES `products` (`id`) ON DELETE CASCADE ON UPDATE RESTRICT
) ENGINE = InnoDB AUTO_INCREMENT = 23 CHARACTER SET = utf8mb4 COLLATE = utf8mb4_general_ci ROW_FORMAT = Dynamic;

-- ----------------------------
-- Table structure for orders
-- ----------------------------
DROP TABLE IF EXISTS `orders`;
CREATE TABLE `orders`  (
  `id` bigint(20) NOT NULL AUTO_INCREMENT,
  `user_id` bigint(20) UNSIGNED NULL DEFAULT NULL,
  `coupon_id` bigint(20) NULL DEFAULT NULL,
  `order_number` varchar(16) CHARACTER SET utf8mb4 COLLATE utf8mb4_general_ci NOT NULL,
  `order_status` enum('1','2','3','4','5') CHARACTER SET utf8mb4 COLLATE utf8mb4_general_ci NULL DEFAULT '1',
  `order_date` datetime(0) NOT NULL,
  `total_price` decimal(8, 2) NULL DEFAULT NULL,
  `total_items` int(10) NULL DEFAULT NULL,
  `payment_method` int(11) NULL DEFAULT 1,
  `delivery_data` text CHARACTER SET utf8mb4 COLLATE utf8mb4_general_ci NULL,
  `delivered_date` datetime(0) NULL DEFAULT NULL,
  `finish_date` datetime(0) NULL DEFAULT NULL,
  PRIMARY KEY (`id`) USING BTREE,
  INDEX `FK_orders_users`(`user_id`) USING BTREE,
  INDEX `FK_orders_coupons`(`coupon_id`) USING BTREE,
  CONSTRAINT `FK_orders_coupons` FOREIGN KEY (`coupon_id`) REFERENCES `coupons` (`id`) ON DELETE SET NULL ON UPDATE CASCADE,
  CONSTRAINT `FK_orders_users` FOREIGN KEY (`user_id`) REFERENCES `users` (`id`) ON DELETE RESTRICT ON UPDATE CASCADE
) ENGINE = InnoDB AUTO_INCREMENT = 15 CHARACTER SET = utf8mb4 COLLATE = utf8mb4_general_ci ROW_FORMAT = Dynamic;

-- ----------------------------
-- Table structure for payments
-- ----------------------------
DROP TABLE IF EXISTS `payments`;
CREATE TABLE `payments`  (
  `id` bigint(20) NOT NULL AUTO_INCREMENT,
  `order_id` bigint(20) NULL DEFAULT NULL,
  `payment_price` decimal(8, 2) NULL DEFAULT NULL,
  `payment_date` datetime(0) NOT NULL,
  `picture_name` varchar(191) CHARACTER SET utf8mb4 COLLATE utf8mb4_general_ci NULL DEFAULT NULL,
  `payment_status` enum('1','2','3') CHARACTER SET utf8mb4 COLLATE utf8mb4_general_ci NULL DEFAULT '1',
  `confirmed_date` datetime(0) NULL DEFAULT NULL,
  `payment_data` text CHARACTER SET utf8mb4 COLLATE utf8mb4_general_ci NULL,
  PRIMARY KEY (`id`) USING BTREE,
  INDEX `order_id`(`order_id`) USING BTREE
) ENGINE = InnoDB AUTO_INCREMENT = 8 CHARACTER SET = utf8mb4 COLLATE = utf8mb4_general_ci ROW_FORMAT = Dynamic;

-- ----------------------------
-- Records of payments
-- ----------------------------
INSERT INTO `payments` VALUES (4, 5, 271000.00, '2020-03-29 08:20:39', 'category-1.jpg', '1', NULL, '{\"transfer_to\":\"bri\",\"source\":{\"bank\":\"Bank BRI\",\"name\":\"Agung Tri Saputra\",\"number\":\"12-345-678-9\"}}');
INSERT INTO `payments` VALUES (5, 7, 78000.00, '2020-03-30 08:51:08', 'html5.jpg', '2', NULL, '{\"transfer_to\":\"btn\",\"source\":{\"bank\":\"BANK BCA\",\"name\":\"MMS\",\"number\":\"123-456\"}}');
INSERT INTO `payments` VALUES (6, 11, 130000.00, '2021-05-04 10:39:11', 'REAKSI_ARTILERI-removebg-preview.png', '1', NULL, '{\"transfer_to\":\"bank-jago-xx\",\"source\":{\"bank\":\"we\",\"name\":\"ddf\",\"number\":\"123\"}}');
INSERT INTO `payments` VALUES (7, 13, 22000.00, '2021-06-12 16:57:11', 'ktp.jpeg', '1', NULL, '{\"transfer_to\":\"bank-jago-xx\",\"source\":{\"bank\":\"Mandiri\",\"name\":\"Rizal\",\"number\":\"12438534945\"}}');
INSERT INTO `payments` VALUES (8, 14, 31000.00, '2021-06-17 17:10:42', 'jejak-domain.png', '1', NULL, '{\"transfer_to\":\"bank-jagoss\",\"source\":{\"bank\":\"bca\",\"name\":\"afi\",\"number\":\"1233438787\"}}');

-- ----------------------------
-- Table structure for product_category
-- ----------------------------
DROP TABLE IF EXISTS `product_category`;
CREATE TABLE `product_category`  (
  `id` int(10) NOT NULL AUTO_INCREMENT,
  `name` varchar(191) CHARACTER SET utf8mb4 COLLATE utf8mb4_general_ci NOT NULL,
  PRIMARY KEY (`id`) USING BTREE
) ENGINE = InnoDB AUTO_INCREMENT = 10 CHARACTER SET = utf8mb4 COLLATE = utf8mb4_general_ci ROW_FORMAT = Dynamic;

-- ----------------------------
-- Records of product_category
-- ----------------------------
INSERT INTO `product_category` VALUES (1, 'Skin Care');
INSERT INTO `product_category` VALUES (2, 'Facial Care');
INSERT INTO `product_category` VALUES (9, 'Body with Care');
INSERT INTO `product_category` VALUES (10, 'Coba deh');

-- ----------------------------
-- Table structure for products
-- ----------------------------
DROP TABLE IF EXISTS `products`;
CREATE TABLE `products`  (
  `id` bigint(20) NOT NULL AUTO_INCREMENT,
  `category_id` int(10) NULL DEFAULT NULL,
  `sku` varchar(32) CHARACTER SET utf8mb4 COLLATE utf8mb4_general_ci NULL DEFAULT NULL,
  `name` varchar(191) CHARACTER SET utf8mb4 COLLATE utf8mb4_general_ci NOT NULL,
  `description` varchar(191) CHARACTER SET utf8mb4 COLLATE utf8mb4_general_ci NULL DEFAULT NULL,
  `picture_name` longtext CHARACTER SET utf8mb4 COLLATE utf8mb4_general_ci NULL,
  `price` decimal(8, 2) NOT NULL,
  `current_discount` decimal(8, 2) NULL DEFAULT 0.00,
  `stock` int(10) NOT NULL,
  `product_unit` varchar(32) CHARACTER SET utf8mb4 COLLATE utf8mb4_general_ci NULL DEFAULT NULL,
  `is_available` tinyint(1) NULL DEFAULT 1,
  `add_date` datetime(0) NULL DEFAULT NULL,
  `promo` varchar(25) CHARACTER SET utf8mb4 COLLATE utf8mb4_general_ci NULL DEFAULT NULL,
  PRIMARY KEY (`id`) USING BTREE,
  INDEX `FK_products_product_category`(`category_id`) USING BTREE
) ENGINE = InnoDB AUTO_INCREMENT = 21 CHARACTER SET = utf8mb4 COLLATE = utf8mb4_general_ci ROW_FORMAT = Dynamic;

-- ----------------------------
-- Records of products
-- ----------------------------
INSERT INTO `products` VALUES (1, 1, 'SB750372', 'SKIN Bliss Green Tea - Skin Care', NULL, 'SKIN-Bliss-Green-Tea-Wonder-Clarifying-Overnight-Gel-Mask-Azelaic-Acid.jpg', 3000.00, 1000.00, 50, 'Kg', 1, '2020-03-26 15:02:52', '');
INSERT INTO `products` VALUES (2, 1, 'BS350420', 'SKIN Carbon Theory', NULL, 'SKIN-Carbon-Theory-Breakout-Control-Facial-Cleansing-Bar.jpg', 5000.00, 2500.00, 10, 'Kg', 1, '2020-03-26 15:03:40', '');
INSERT INTO `products` VALUES (4, 1, 'TS120790', 'SKIN CeraVe', NULL, 'SKIN-CeraVeResurfacingRetinolSerum.jpg', 2000.00, 1200.00, 20, 'Kg', 1, '2020-03-26 19:36:30', NULL);
INSERT INTO `products` VALUES (5, 1, 'WS120811', 'SKIN Dr. Jart', NULL, 'SKIN-Dr_-Jart+-cicapair-tiger-grass-calming-gel-cream.jpg', 8000.00, 0.00, 20, 'Kg', 1, '2020-03-26 19:36:51', NULL);
INSERT INTO `products` VALUES (11, 2, 'URS13301', 'SKIN Elizabeth Arden', NULL, 'SKIN-Elizabeth-Arden-Eight-Hour-Miracle-Hydrating-Mist.jpg', 3000.00, 0.00, 10, 'Kg', 1, '2020-03-26 19:45:01', NULL);
INSERT INTO `products` VALUES (12, 2, 'BPS15347', 'SKIN First Aid Beauty', NULL, 'SKIN-First-Aid-Beauty-Ultra-Repair-Oat-_-Hemp-Seed-Dry-Oil-2.jpg', 12000.00, 0.00, 15, 'Kg', 1, '2020-03-26 19:45:47', NULL);
INSERT INTO `products` VALUES (13, 2, 'KPS223370', 'SKIN Garnier', NULL, 'SKIN-Garnier-SkinActive-Water-Rose-24H-Moisture-Cream.jpg', 5000.00, 0.00, 23, 'Kg', 1, '2020-03-26 19:46:10', NULL);
INSERT INTO `products` VALUES (15, 2, 'JCP-KC120494', 'SKIN-L\'Oreal', NULL, 'skin.jpg', 11000.00, 0.00, 20, 'Kg', 1, '2021-06-23 17:48:14', NULL);
INSERT INTO `products` VALUES (16, 9, 'JC&SPC&S150648', 'SKIN Neutrogena', NULL, 'SKIN-Neutrogena-Soothing-Clear-Turmeric-Mist.jpg', 15000.00, 0.00, 50, 'Kg', 1, '2021-06-23 18:07:28', NULL);
INSERT INTO `products` VALUES (18, 2, 'CYC&S190347', 'Skin Olay Regenerist', NULL, 'SKIN-Olay-Regenerist-Whip-SPF40-1.jpg', 100000.00, 0.00, 90, 'Kg', 1, '2021-06-26 17:42:27', NULL);
INSERT INTO `products` VALUES (19, 9, 'STRC&S225337', 'SKIN Thayers Rose', NULL, 'SKIN-Thayers-Rose-Petal-Facial-Toner.jpg', 250000.00, 5000.00, 25, 'Kg', 1, '2021-06-27 10:55:37', NULL);
INSERT INTO `products` VALUES (20, 2, 'STC2100372', 'SKIN TULA', NULL, 'SKIN-TULA-so_polished_scrub.jpg', 20000.00, 3500.00, 100, 'Kg', 1, '2021-06-27 10:56:12', NULL);

-- ----------------------------
-- Table structure for reviews
-- ----------------------------
DROP TABLE IF EXISTS `reviews`;
CREATE TABLE `reviews`  (
  `id` bigint(20) NOT NULL AUTO_INCREMENT,
  `user_id` bigint(20) UNSIGNED NULL DEFAULT NULL,
  `order_id` bigint(20) NULL DEFAULT NULL,
  `title` varchar(191) CHARACTER SET utf8mb4 COLLATE utf8mb4_general_ci NULL DEFAULT NULL,
  `review_text` mediumtext CHARACTER SET utf8mb4 COLLATE utf8mb4_general_ci NOT NULL,
  `review_date` datetime(0) NOT NULL,
  `status` tinyint(1) NOT NULL DEFAULT 1,
  PRIMARY KEY (`id`) USING BTREE,
  INDEX `FK_reviews_users`(`user_id`) USING BTREE,
  INDEX `FK_reviews_orders`(`order_id`) USING BTREE
) ENGINE = InnoDB AUTO_INCREMENT = 4 CHARACTER SET = utf8mb4 COLLATE = utf8mb4_general_ci ROW_FORMAT = Dynamic;

-- ----------------------------
-- Records of reviews
-- ----------------------------
INSERT INTO `reviews` VALUES (2, 7, 6, 'Sangat puas', 'Pengiriman cepat dan sayur segar', '2020-03-30 08:31:31', 1);
INSERT INTO `reviews` VALUES (3, 7, 5, 'Buah segar', 'Buah segar dan kualitasnya sangat bagus', '2020-03-30 08:33:10', 1);

-- ----------------------------
-- Table structure for settings
-- ----------------------------
DROP TABLE IF EXISTS `settings`;
CREATE TABLE `settings`  (
  `id` int(10) NOT NULL AUTO_INCREMENT,
  `key` varchar(32) CHARACTER SET utf8mb4 COLLATE utf8mb4_general_ci NOT NULL,
  `content` text CHARACTER SET utf8mb4 COLLATE utf8mb4_general_ci NOT NULL,
  PRIMARY KEY (`id`) USING BTREE
) ENGINE = InnoDB AUTO_INCREMENT = 13 CHARACTER SET = utf8mb4 COLLATE = utf8mb4_general_ci ROW_FORMAT = Dynamic;

-- ----------------------------
-- Records of settings
-- ----------------------------
INSERT INTO `settings` VALUES (1, 'current_theme_name', 'vegefoods');
INSERT INTO `settings` VALUES (2, 'store_name', 'Skin Care Clinic');
INSERT INTO `settings` VALUES (3, 'store_phone_number', '085781571742');
INSERT INTO `settings` VALUES (4, 'store_email', 'info@skincare.com');
INSERT INTO `settings` VALUES (5, 'store_tagline', 'Dapatkan banyak promo code di toko kami');
INSERT INTO `settings` VALUES (6, 'store_logo', 'Logo.png');
INSERT INTO `settings` VALUES (7, 'max_product_image_size', '20000');
INSERT INTO `settings` VALUES (8, 'store_description', 'Beli Perawatan wajah ga perlu cemas disini');
INSERT INTO `settings` VALUES (9, 'store_address', 'Jl. Cikoko Barat IV No. 18A');
INSERT INTO `settings` VALUES (10, 'min_shop_to_free_shipping_cost', '20000');
INSERT INTO `settings` VALUES (11, 'shipping_cost', '3000');
INSERT INTO `settings` VALUES (12, 'payment_banks', '{\"mandiri-bank\":{\"bank\":\"Mandiri Bank\",\"number\":\"8729737788\",\"name\":\"Muhamad Rizal\"},\"bca-bank\":{\"bank\":\"BCA Bank\",\"number\":\"12897898788\",\"name\":\"Afrizal Rahman\"},\"permata-bank\":{\"bank\":\"Permata Bank\",\"number\":\"216768678777\",\"name\":\"Admin Cikoko\"}}');

-- ----------------------------
-- Table structure for users
-- ----------------------------
DROP TABLE IF EXISTS `users`;
CREATE TABLE `users`  (
  `id` bigint(20) UNSIGNED NOT NULL AUTO_INCREMENT,
  `name` varchar(50) CHARACTER SET utf8mb4 COLLATE utf8mb4_unicode_ci NULL DEFAULT NULL,
  `email` varchar(191) CHARACTER SET utf8mb4 COLLATE utf8mb4_unicode_ci NOT NULL,
  `email_verified_at` timestamp(0) NULL DEFAULT NULL,
  `username` varchar(16) CHARACTER SET utf8mb4 COLLATE utf8mb4_unicode_ci NOT NULL,
  `password` varchar(191) CHARACTER SET utf8mb4 COLLATE utf8mb4_unicode_ci NOT NULL,
  `profile_picture` varchar(128) CHARACTER SET utf8mb4 COLLATE utf8mb4_unicode_ci NULL DEFAULT NULL,
  `role` varchar(32) CHARACTER SET utf8mb4 COLLATE utf8mb4_unicode_ci NULL DEFAULT '0' COMMENT '1 = admin, 2 = customer',
  `register_date` datetime(0) NULL DEFAULT NULL,
  `oauth_provider` varchar(10) CHARACTER SET utf8mb4 COLLATE utf8mb4_unicode_ci NULL DEFAULT NULL,
  `oauth_uid` varchar(50) CHARACTER SET utf8mb4 COLLATE utf8mb4_unicode_ci NULL DEFAULT NULL,
  `locale` varchar(10) CHARACTER SET utf8mb4 COLLATE utf8mb4_unicode_ci NULL DEFAULT NULL,
  `picture_url` varchar(255) CHARACTER SET utf8mb4 COLLATE utf8mb4_unicode_ci NULL DEFAULT NULL,
  PRIMARY KEY (`id`) USING BTREE,
  UNIQUE INDEX `users_email_unique`(`email`) USING BTREE
) ENGINE = InnoDB AUTO_INCREMENT = 12 CHARACTER SET = utf8mb4 COLLATE = utf8mb4_unicode_ci ROW_FORMAT = Dynamic;

-- ----------------------------
-- Records of users
-- ----------------------------
INSERT INTO `users` VALUES (1, 'Admin Laundry Clinic', 'admin@local.test', NULL, 'admin', '$2y$10$Brm3RNWFKvZ1e0ej1vBz9.QbFMW21q0l/iDSt5aDOoGj9zlLFuxh6', 'agung1.png', 'admin', NULL, NULL, NULL, NULL, NULL);
INSERT INTO `users` VALUES (7, 'Customer Toko Sayur', 'customer@local.test', NULL, 'customer', '$2y$10$6C/A5Yy1gt4yhStWDWN1M.isBaznzDc.MZJdIj7UddW3.qIX5vDvK', NULL, 'customer', '2020-03-29 08:14:30', NULL, NULL, NULL, NULL);
INSERT INTO `users` VALUES (8, 'Customer', 'martinms.za@gmail.com', NULL, 'cust', '$2y$10$gj4QxFnTj0dlpwJvT4aJiOM5UW6uCt7MdafC6VrnqsKDi0/JKmsLS', NULL, 'customer', '2021-05-07 10:25:08', NULL, NULL, NULL, NULL);

SET FOREIGN_KEY_CHECKS = 1;
